,polymer_smiles,solvent,solvent_smiles,T_C,T_K,volume_fraction,average_IP
0,*CC(=O)OCC2OC(OC1C(O)C(OC(C)=O)C(O)OC1COC(C)=O)C(OC(C)=O)C(O)C2*,acetone,CC(C)=O,25,"298,15",0,"0,44"
1,*CC(=O)OCC2OC(OC1C(O)C(OC(C)=O)C(O)OC1COC(C)=O)C(OC(C)=O)C(O)C2*,acetone,CC(C)=O,45,"318,15",0,"0,44"
2,*CC(=O)OCC2OC(OC1C(O)C(OC(C)=O)C(O)OC1COC(C)=O)C(OC(C)=O)C(O)C2*,acetic acid,CC(O)=O,25,"298,15",0,"0,4"
3,*CC(=O)OCC2OC(OC1C(O)C(OC(C)=O)C(O)OC1COC(C)=O)C(OC(C)=O)C(O)C2*,acetic acid,CC(O)=O,45,"318,15",0,"0,4"
4,*CC(=O)OCC2OC(OC1C(O)C(OC(C)=O)C(O)OC1COC(C)=O)C(OC(C)=O)C(O)C2*,aniline,NC1=CC=CC=C1,25,"298,15",0,"0,375"
5,*CC(=O)OCC2OC(OC1C(O)C(OC(C)=O)C(O)OC1COC(C)=O)C(OC(C)=O)C(O)C2*,aniline,NC1=CC=CC=C1,35,"308,15",0,"0,34"
6,*CC(=O)OCC2OC(OC1C(O)C(OC(C)=O)C(O)OC1COC(C)=O)C(OC(C)=O)C(O)C2*,"1,4-dioxane",C1COCCO1,25,"298,15",0,"0,38"
7,*CC(=O)OCC2OC(OC1C(O)C(OC(C)=O)C(O)OC1COC(C)=O)C(OC(C)=O)C(O)C2*,"1,4-dioxane",C1COCCO1,45,"318,15",0,"0,38"
8,*CC(=O)OCC2OC(OC1C(O)C(OC(C)=O)C(O)OC1COC(C)=O)C(OC(C)=O)C(O)C2*,methyl acetate,COC(C)=O,25,"298,15",0,"0,45"
9,*CC(=O)OCC2OC(OC1C(O)C(OC(C)=O)C(O)OC1COC(C)=O)C(OC(C)=O)C(O)C2*,methyl acetate,COC(C)=O,35,"308,15",0,"0,45"
10,*CC(=O)OCC2OC(OC1C(O)C(OC(C)=O)C(O)OC1COC(C)=O)C(OC(C)=O)C(O)C2*,nitromethane,C[N+](=O)[O-],25,"298,15",0,"0,43"
11,*CC(=O)OCC2OC(OC1C(O)C(OC(C)=O)C(O)OC1COC(C)=O)C(OC(C)=O)C(O)C2*,nitromethane,C[N+](=O)[O-],45,"318,15",0,"0,43"
12,*CC(=O)OCC2OC(OC1C(O)C(OC(C)=O)C(O)OC1COC(C)=O)C(OC(C)=O)C(O)C2*,2-picoline,CC1=CC=CC=N1,25,"298,15",0,"0,36"
13,*CC(=O)OCC2OC(OC1C(O)C(OC(C)=O)C(O)OC1COC(C)=O)C(OC(C)=O)C(O)C2*,3-picoline,CC1=CC=CN=C1,25,"298,15",0,"0,285"
14,*CC(=O)OCC2OC(OC1C(O)C(OC(C)=O)C(O)OC1COC(C)=O)C(OC(C)=O)C(O)C2*,4-picoline,CC1=CC=NC=C1,25,"298,15",0,"0,26"
15,*CC(=O)OCC2OC(OC1C(O)C(OC(C)=O)C(O)OC1COC(C)=O)C(OC(C)=O)C(O)C2*,pyridine,C1=CC=NC=C1,25,"298,15",0,"0,28"
16,*CC(=O)OCC2OC(OC1C(O)C(OC(C)=O)C(O)OC1COC(C)=O)C(OC(C)=O)C(O)C2*,pyridine,C1=CC=NC=C1,45,"318,15",0,"0,28"
17,*CC(=O)OCC2OC(OC1C(O)C(OC(C)=O)C(O)OC1COC(C)=O)C(OC(C)=O)C(O)C2*,acetone,CC(C)=O,30,"303,15","0,2","0,3"
18,*CC(=O)OCC2OC(OC1C(O)C(OC(C)=O)C(O)OC1COC(C)=O)C(OC(C)=O)C(O)C2*,acetone,CC(C)=O,30,"303,15","0,4","0,51"
19,*CC(=O)OCC2OC(OC1C(O)C(OC(C)=O)C(O)OC1COC(C)=O)C(OC(C)=O)C(O)C2*,"1,4-dioxane",C1COCCO1,30,"303,15","0,2","0,31"
20,*CC(=O)OCC2OC(OC1C(O)C(OC(C)=O)C(O)OC1COC(C)=O)C(OC(C)=O)C(O)C2*,"1,4-dioxane",C1COCCO1,30,"303,15","0,4","0,51"
21,*CC(=O)OCC2OC(OC1C(O)C(OC(C)=O)C(O)OC1COC(C)=O)C(OC(C)=O)C(O)C2*,methyl acetate,COC(C)=O,30,"303,15","0,2","0,43"
22,*CC(=O)OCC2OC(OC1C(O)C(OC(C)=O)C(O)OC1COC(C)=O)C(OC(C)=O)C(O)C2*,methyl acetate,COC(C)=O,30,"303,15","0,4","0,59"
23,*CC(=O)OCC2OC(OC1C(O)C(OC(C)=O)C(O)OC1COC(C)=O)C(OC(C)=O)C(O)C2*,pyridine,C1=CC=NC=C1,30,"303,15","0,2","0,07"
24,*CC(=O)OCC2OC(OC1C(O)C(OC(C)=O)C(O)OC1COC(C)=O)C(OC(C)=O)C(O)C2*,pyridine,C1=CC=NC=C1,30,"303,15","0,4","0,09"
25,*CC(=O)OCC2OC(OC1C(O)C(OC(C)=O)C(O)OC1COC(C)=O)C(OC(C)=O)C(O)C2*,tetrahydrofuran,C1CCOC1,13,"286,15",0,"0,442"
26,*CC(=O)OCC2OC(OC1C(O)C(OC(C)=O)C(O)OC1COC(C)=O)C(OC(C)=O)C(O)C2*,chloroform,ClC(Cl)Cl,25,"298,15",0,"0,34"
27,*CC(=O)OCC2OC(OC1C(O)C(OC(C)=O)C(O)OC1COC(C)=O)C(OC(C)=O)C(O)C2*,chloroform,ClC(Cl)Cl,30,"303,15","0,2","0,36"
28,*CC(=O)OCC2OC(OC1C(O)C(OC(C)=O)C(O)OC1COC(C)=O)C(OC(C)=O)C(O)C2*,chloroform,ClC(Cl)Cl,30,"303,15","0,6","0,51"
29,*CC(=O)OCC2OC(OC1C(O)C(OC(C)=O)C(O)OC1COC(C)=O)C(OC(C)=O)C(O)C2*,dichloromethane,ClCCl,25,"298,15",0,"0,3"
30,*CC(=O)OCC2OC(OC1C(O)C(OC(C)=O)C(O)OC1COC(C)=O)C(OC(C)=O)C(O)C2*,dichloromethane,ClCCl,25,"298,15","0,6","0,49"
94,*CC(C(=O)N)*,water,O,3,"276,15","0,1","0,51"
95,*CC(C(=O)N)*,water,O,25,"298,15",0,"0,495"
96,*CC(C(=O)N)*,water,O,25,"298,15","0,06","0,53"
97,*CC(C(=O)N)*,water,O,60,"333,15","0,08","0,49"
100,*CC(C#N)*,dimethylformamide,CN(C)C=O,14,"287,15",0,"0,2"
101,*CC(C(=O)N1CCCC1)*,ethanol,CCO,10,"283,15","0,08","0,45"
102,*CC(C(=O)N1CCCC1)*,ethanol,CCO,60,"333,15","0,08","0,45"
103,*CC(C(=O)N1CCCC1)*,water,O,3,"276,15","0,07","0,49"
104,*CC(C(=O)N1CCCC1)*,water,O,30,"303,15","0,12","0,53"
105,*CC(C(=O)N1CCCC1)*,water,O,60,"333,15","0,35","0,66"
106,*C/C=C\C*,benzene,C1=CC=CC=C1,35,"308,15","0,06","0,28"
107,*C/C=C\C*,benzene,C1=CC=CC=C1,35,"308,15","0,1","0,28"
108,*C/C=C\C*,carbon tetrachloride,ClC(Cl)(Cl)Cl,"23,5","296,65","0,62","0,11"
109,*C/C=C\C*,carbon tetrachloride,ClC(Cl)(Cl)Cl,"23,5","296,65","0,85","0,02"
110,*C/C=C\C*,chloroform,ClC(Cl)Cl,"23,5","296,65","0,6","-0,06"
111,*C/C=C\C*,chloroform,ClC(Cl)Cl,"23,5","296,65","0,8","-0,02"
112,*C/C=C\C*,dichloromethane,ClCCl,"23,5","296,65","0,69","0,32"
113,*C/C=C\C*,dichloromethane,ClCCl,"23,5","296,65","0,85","0,21"
114,*C/C=C\C*,cyclohexane,C1CCCCC1,"23,5","296,65","0,65","0,46"
115,*C/C=C\C*,cyclohexane,C1CCCCC1,"23,5","296,65","0,83","0,34"
116,*C/C=C\C*,n-decane,CCCCCCCCCC,35,"308,15","0,16","0,46"
117,*C/C=C\C*,n-decane,CCCCCCCCCC,35,"308,15","0,23","0,46"
118,*C/C=C\C*,n-hexadecane,CCCCCCCCCCCCCCCC,35,"308,15","0,26","0,54"
119,*C/C=C\C*,n-hexadecane,CCCCCCCCCCCCCCCC,35,"308,15","0,3","0,54"
120,*C/C=C\C*,n-hexane,CCCCCC,"23,5","296,65","0,67","0,61"
121,*C/C=C\C*,n-hexane,CCCCCC,"23,5","296,65","0,88","0,45"
122,*C/C=C\C*,n-octane,CCCCCCCC,50,"323,15","0,38","0,31"
123,*C/C=C\C*,n-octane,CCCCCCCC,50,"323,15","0,42","0,27"
196,*CC(CC)*,benzene,C1=CC=CC=C1,135,"408,15",1,"0,49"
197,*CC(CC)*,cyclohexane,C1CCCCC1,135,"408,15",1,"0,2"
198,*CC(CC)*,n-decane,CCCCCCCCCC,115,"388,15",1,"0,3"
199,*CC(CC)*,n-decane,CCCCCCCCCC,135,"408,15",1,"0,3"
200,*CC(CC)*,"2,5-dimethylhexane",CC(C)CCC(C)C,115,"388,15",1,"0,36"
201,*CC(CC)*,"2,5-dimethylhexane",CC(C)CCC(C)C,135,"408,15",1,"0,36"
202,*CC(CC)*,"2,4-dimethylpentane",CC(C)CC(C)C,115,"388,15",1,"0,4"
203,*CC(CC)*,"2,4-dimethylpentane",CC(C)CC(C)C,135,"408,15",1,"0,4"
204,*CC(CC)*,"2,3-dimethylpentane",CCC(C)C(C)C,115,"388,15",1,"0,35"
205,*CC(CC)*,"2,3-dimethylpentane",CCC(C)C(C)C,135,"408,15",1,"0,35"
206,*CC(CC)*,3-ethylpentane,CCC(CC)CC,115,"388,15",1,"0,34"
207,*CC(CC)*,3-ethylpentane,CCC(CC)CC,135,"408,15",1,"0,34"
208,*CC(CC)*,n-heptane,CCCCCCC,115,"388,15",1,"0,38"
209,*CC(CC)*,n-heptane,CCCCCCC,135,"408,15",1,"0,38"
210,*CC(CC)*,2-methylhexane,CC(C)CCCC,115,"388,15",1,"0,39"
211,*CC(CC)*,2-methylhexane,CC(C)CCCC,135,"408,15",1,"0,39"
212,*CC(CC)*,3-methylhexane,CCC(C)CCC,115,"388,15",1,"0,38"
213,*CC(CC)*,3-methylhexane,CCC(C)CCC,135,"408,15",1,"0,38"
214,*CC(CC)*,n-nonane,CCCCCCCCC,115,"388,15",1,"0,32"
215,*CC(CC)*,n-nonane,CCCCCCCCC,135,"408,15",1,"0,32"
216,*CC(CC)*,n-octane,CCCCCCCC,115,"388,15",1,"0,36"
217,*CC(CC)*,n-octane,CCCCCCCC,135,"408,15",1,"0,36"
218,*CC(CC)*,toluene,CC1=CC=CC=C1,135,"408,15",1,"0,47"
219,*CC(CC)*,"2,2,4-trimethylpentane",CC(C)CC(C)(C)C,115,"388,15",1,"0,35"
220,*CC(CC)*,"2,2,4-trimethylpentane",CC(C)CC(C)(C)C,135,"408,15",1,"0,35"
221,*OCCCCOC(=O)CCCCC(=O)*,acetone,CC(C)=O,120,"393,15",1,"0,54"
222,*OCCCCOC(=O)CCCCC(=O)*,benzene,C1=CC=CC=C1,120,"393,15",1,"0,27"
223,*OCCCCOC(=O)CCCCC(=O)*,2-butanone,CCC(=O)C,120,"393,15",1,"0,43"
224,*OCCCCOC(=O)CCCCC(=O)*,carbon tetrachloride,ClC(Cl)(Cl)Cl,120,"393,15",1,"0,55"
225,*OCCCCOC(=O)CCCCC(=O)*,chloroform,ClC(Cl)Cl,120,"393,15",1,"-0,06"
226,*OCCCCOC(=O)CCCCC(=O)*,dichloromethane,ClCCl,120,"393,15",1,"0,7"
227,*OCCCCOC(=O)CCCCC(=O)*,ethyl acetate,CCOC(C)=O,120,"393,15",1,"0,43"
228,*OCCCCOC(=O)CCCCC(=O)*,n-heptane,CCCCCCC,120,"393,15",1,"1,5"
229,*OCCCCOC(=O)CCCCC(=O)*,n-hexane,CCCCCC,120,"393,15",1,"1,4"
230,*OCCCCOC(=O)CCCCC(=O)*,n-pentane,CCCCC,120,"393,15",1,"1,3"
231,*CC(C)(C(=O)OCCCC)*,ethanol,CCO,27,"300,15",0,"0,492"
232,*CC(C)(C(=O)OCCCC)*,ethanol,CCO,27,"300,15",1,"1,29"
233,*CC(C)(C(=O)OCCCC)*,ethanol,CCO,86,"359,15",0,"0,399"
234,*CC(C)(C(=O)OCCCC)*,ethanol,CCO,86,"359,15",1,"0,95"
235,*CC(C)(C(=O)OCCCC)*,2-propanol,CC(C)O,40,"313,15",0,"0,509"
236,*CC(C)(C(=O)OCCCC)*,2-propanol,CC(C)O,40,"313,15",1,"1,4"
237,*CC(C)(C(=O)OCCCC)*,2-propanol,CC(C)O,80,"353,15",0,"0,477"
238,*CC(C)(C(=O)OCCCC)*,2-propanol,CC(C)O,80,"353,15",1,1
239,*OCCCCCC(=O)*,acetone,CC(C)=O,100,"373,15",1,"0,46"
240,*OCCCCCC(=O)*,acetone,CC(C)=O,120,"393,15",1,"0,54"
241,*OCCCCCC(=O)*,benzene,C1=CC=CC=C1,100,"373,15",1,"0,06"
242,*OCCCCCC(=O)*,benzene,C1=CC=CC=C1,120,"393,15",1,"0,11"
243,*OCCCCCC(=O)*,benzene,C1=CC=CC=C1,70,"343,15",1,"-0,04"
244,*OCCCCCC(=O)*,benzene,C1=CC=CC=C1,140,"413,15",1,"0,01"
245,*OCCCCCC(=O)*,n-butane,CCCC,100,"373,15",1,"1,22"
246,*OCCCCCC(=O)*,1-butanol,CCCCO,100,"373,15",1,"0,59"
247,*OCCCCCC(=O)*,2-butanone,CCC(=O)C,100,"373,15",1,"0,36"
248,*OCCCCCC(=O)*,2-butanone,CCC(=O)C,120,"393,15",1,"0,45"
249,*OCCCCCC(=O)*,n-butyl acetate,CCCCOC(C)=O,70,"343,15",1,"0,21"
250,*OCCCCCC(=O)*,n-butyl acetate,CCCCOC(C)=O,140,"413,15",1,"0,26"
251,*OCCCCCC(=O)*,n-butyl acetate,CCCCOC(C)=O,100,"373,15",1,"0,31"
252,*OCCCCCC(=O)*,carbon tetrachloride,ClC(Cl)(Cl)Cl,100,"373,15",1,"0,25"
253,*OCCCCCC(=O)*,carbon tetrachloride,ClC(Cl)(Cl)Cl,120,"393,15",1,"0,37"
254,*OCCCCCC(=O)*,chlorobenzene,ClC1=CC=CC=C1,100,"373,15",1,"-0,08"
255,*OCCCCCC(=O)*,chlorobenzene,ClC1=CC=CC=C1,80,"353,15",1,"-0,18"
256,*OCCCCCC(=O)*,chlorobenzene,ClC1=CC=CC=C1,140,"413,15",1,"-0,06"
257,*OCCCCCC(=O)*,1-chlorobutane,CCCCCl,100,"373,15",1,"0,33"
258,*OCCCCCC(=O)*,chloroform,ClC(Cl)Cl,100,"373,15",1,"-0,4"
259,*OCCCCCC(=O)*,chloroform,ClC(Cl)Cl,120,"393,15",1,"-0,22"
260,*OCCCCCC(=O)*,chloromethane,CCl,100,"373,15",1,"0,16"
261,*OCCCCCC(=O)*,1-chloropentane,CCCCCCl,100,"373,15",1,"0,33"
262,*OCCCCCC(=O)*,cycloheptane,C1CCCCCC1,100,"373,15",1,"0,83"
263,*OCCCCCC(=O)*,cyclohexane,C1CCCCC1,100,"373,15",1,"0,88"
264,*OCCCCCC(=O)*,cyclohexene,C1=CCCCC1,100,"373,15",1,"0,6"
265,*OCCCCCC(=O)*,cyclooctane,C1CCCCCCC1,100,"373,15",1,"0,83"
266,*OCCCCCC(=O)*,cyclopentane,C1CCCC1,100,"373,15",1,"0,82"
267,*OCCCCCC(=O)*,n-decane,CCCCCCCCCC,100,"373,15",1,"1,44"
268,*OCCCCCC(=O)*,"1,1-dichloroethane",CC(Cl)Cl,100,"373,15",1,"-0,04"
269,*OCCCCCC(=O)*,"1,2-dichloroethane",ClCCCl,100,"373,15",1,"-0,14"
270,*OCCCCCC(=O)*,dichloromethane,ClCCl,100,"373,15",1,"-0,26"
271,*OCCCCCC(=O)*,"1,4-dioxane",C1COCCO1,100,"373,15",1,"0,13"
272,*OCCCCCC(=O)*,ethanol,CCO,100,"373,15",1,"1,01"
273,*OCCCCCC(=O)*,ethyl acetate,CCOC(C)=O,100,"373,15",1,"0,36"
274,*OCCCCCC(=O)*,ethyl acetate,CCOC(C)=O,120,"393,15",1,"0,42"
275,*OCCCCCC(=O)*,ethyl acetate,CCOC(C)=O,70,"343,15",1,"0,32"
276,*OCCCCCC(=O)*,ethyl acetate,CCOC(C)=O,140,"413,15",1,"0,29"
277,*OCCCCCC(=O)*,ethylbenzene,CCC1=CC=CC=C1,100,"373,15",1,"0,16"
278,*OCCCCCC(=O)*,ethylbenzene,CCC1=CC=CC=C1,70,"343,15",1,"0,1"
279,*OCCCCCC(=O)*,ethylbenzene,CCC1=CC=CC=C1,140,"413,15",1,"0,14"
280,*OCCCCCC(=O)*,n-heptane,CCCCCCC,100,"373,15",1,"1,2"
281,*OCCCCCC(=O)*,n-heptane,CCCCCCC,120,"393,15",1,"1,2"
282,*OCCCCCC(=O)*,n-hexane,CCCCCC,100,"373,15",1,"1,2"
283,*OCCCCCC(=O)*,n-hexane,CCCCCC,120,"393,15",1,"1,2"
284,*OCCCCCC(=O)*,methyl acetate,COC(C)=O,100,"373,15",1,"0,39"
285,*OCCCCCC(=O)*,methyl acetate,COC(C)=O,70,"343,15",1,"0,35"
286,*OCCCCCC(=O)*,methyl acetate,COC(C)=O,140,"413,15",1,"0,32"
287,*OCCCCCC(=O)*,n-nonane,CCCCCCCCC,100,"373,15",1,"1,37"
288,*OCCCCCC(=O)*,n-octane,CCCCCCCC,100,"373,15",1,"1,3"
289,*OCCCCCC(=O)*,n-pentane,CCCCC,100,"373,15",1,"1,2"
290,*OCCCCCC(=O)*,n-pentane,CCCCC,120,"393,15",1,"1,2"
291,*OCCCCCC(=O)*,1-pentanol,CCCCCO,100,"373,15",1,"0,46"
292,*OCCCCCC(=O)*,2-pentyl acetate,CCCC(C)OC(C)=O,70,"343,15",1,"0,4"
293,*OCCCCCC(=O)*,2-pentyl acetate,CCCC(C)OC(C)=O,140,"413,15",1,"0,28"
294,*OCCCCCC(=O)*,propane,CCC,100,"373,15",1,"1,21"
295,*OCCCCCC(=O)*,1-propanol,CCCO,100,"373,15",1,"0,72"
296,*OCCCCCC(=O)*,n-propyl acetate,CCCOC(C)=O,100,"373,15",1,"0,33"
297,*OCCCCCC(=O)*,n-propyl acetate,CCCOC(C)=O,70,"343,15",1,"0,29"
298,*OCCCCCC(=O)*,n-propyl acetate,CCCOC(C)=O,140,"413,15",1,"0,24"
299,*OCCCCCC(=O)*,n-propylbenzene,CCCC1=CC=CC=C1,90,"363,15",1,"0,2"
300,*OCCCCCC(=O)*,n-propylbenzene,CCCC1=CC=CC=C1,140,"413,15",1,"0,19"
301,*OCCCCCC(=O)*,n-propylbenzene,CCCC1=CC=CC=C1,80,"353,15",1,"0,1"
302,*OCCCCCC(=O)*,n-propylbenzene,CCCC1=CC=CC=C1,140,"413,15",1,"0,13"
303,*OCCCCCC(=O)*,tetrahydrofuran,C1CCOC1,100,"373,15",1,"0,13"
304,*OCCCCCC(=O)*,toluene,CC1=CC=CC=C1,100,"373,15",1,"0,08"
305,*OCCCCCC(=O)*,toluene,CC1=CC=CC=C1,70,"343,15",1,"-0,01"
306,*OCCCCCC(=O)*,toluene,CC1=CC=CC=C1,140,"413,15",1,"0,07"
307,*OCCCCCC(=O)*,"1,1,1-trichloroethane",CC(Cl)(Cl)Cl,100,"373,15",1,"0,07"
308,*OCCCCCC(=O)*,trichloroethylene,ClC=C(Cl)Cl,100,"373,15",1,"0,02"
309,*OCCCCCC(=O)*,n-undecane,CCCCCCCCCCC,100,"373,15",1,"1,52"
310,*Oc1ccc(cc1)C(C)(C)c2ccc(cc2)OC(=O)*,benzene,C1=CC=CC=C1,179,"452,15",1,"0,49"
311,*Oc1ccc(cc1)C(C)(C)c2ccc(cc2)OC(=O)*,benzene,C1=CC=CC=C1,253,"526,15",1,"0,39"
312,*Oc1ccc(cc1)C(C)(C)c2ccc(cc2)OC(=O)*,cyclohexane,C1CCCCC1,179,"452,15",1,"1,23"
313,*Oc1ccc(cc1)C(C)(C)c2ccc(cc2)OC(=O)*,cyclohexane,C1CCCCC1,253,"526,15",1,"0,77"
314,*Oc1ccc(cc1)C(C)(C)c2ccc(cc2)OC(=O)*,n-decane,CCCCCCCCCC,179,"452,15",1,"1,67"
315,*Oc1ccc(cc1)C(C)(C)c2ccc(cc2)OC(=O)*,n-decane,CCCCCCCCCC,253,"526,15",1,"1,52"
316,*Oc1ccc(cc1)C(C)(C)c2ccc(cc2)OC(=O)*,n-dodecane,CCCCCCCCCCCC,179,"452,15",1,"1,74"
317,*Oc1ccc(cc1)C(C)(C)c2ccc(cc2)OC(=O)*,n-dodecane,CCCCCCCCCCCC,253,"526,15",1,"1,46"
318,*Oc1ccc(cc1)C(C)(C)c2ccc(cc2)OC(=O)*,ethylbenzene,CCC1=CC=CC=C1,179,"452,15",1,"0,49"
319,*Oc1ccc(cc1)C(C)(C)c2ccc(cc2)OC(=O)*,ethylbenzene,CCC1=CC=CC=C1,253,"526,15",1,"0,47"
320,*Oc1ccc(cc1)C(C)(C)c2ccc(cc2)OC(=O)*,ethylcyclohexane,CCC1CCCCC1,179,"452,15",1,"1,12"
321,*Oc1ccc(cc1)C(C)(C)c2ccc(cc2)OC(=O)*,ethylcyclohexane,CCC1CCCCC1,253,"526,15",1,"0,92"
322,*Oc1ccc(cc1)C(C)(C)c2ccc(cc2)OC(=O)*,n-heptane,CCCCCCC,179,"452,15",1,"1,73"
323,*Oc1ccc(cc1)C(C)(C)c2ccc(cc2)OC(=O)*,n-heptane,CCCCCCC,253,"526,15",1,"1,34"
324,*Oc1ccc(cc1)C(C)(C)c2ccc(cc2)OC(=O)*,n-hexadecane,CCCCCCCCCCCCCCCC,211,"484,15",1,"1,73"
325,*Oc1ccc(cc1)C(C)(C)c2ccc(cc2)OC(=O)*,n-hexadecane,CCCCCCCCCCCCCCCC,253,"526,15",1,"1,57"
326,*Oc1ccc(cc1)C(C)(C)c2ccc(cc2)OC(=O)*,n-hexane,CCCCCC,179,"452,15",1,"1,87"
327,*Oc1ccc(cc1)C(C)(C)c2ccc(cc2)OC(=O)*,n-hexane,CCCCCC,231,"504,15",1,"1,19"
328,*Oc1ccc(cc1)C(C)(C)c2ccc(cc2)OC(=O)*,methylcyclohexane,CC1CCCCC1,179,"452,15",1,"1,19"
329,*Oc1ccc(cc1)C(C)(C)c2ccc(cc2)OC(=O)*,methylcyclohexane,CC1CCCCC1,253,"526,15",1,"0,82"
330,*Oc1ccc(cc1)C(C)(C)c2ccc(cc2)OC(=O)*,n-nonane,CCCCCCCCC,179,"452,15",1,"1,69"
331,*Oc1ccc(cc1)C(C)(C)c2ccc(cc2)OC(=O)*,n-nonane,CCCCCCCCC,253,"526,15",1,"1,43"
332,*Oc1ccc(cc1)C(C)(C)c2ccc(cc2)OC(=O)*,n-octane,CCCCCCCC,179,"452,15",1,"1,6"
333,*Oc1ccc(cc1)C(C)(C)c2ccc(cc2)OC(=O)*,n-octane,CCCCCCCC,253,"526,15",1,"1,45"
334,*Oc1ccc(cc1)C(C)(C)c2ccc(cc2)OC(=O)*,n-tetradecane,CCCCCCCCCCCCCC,179,"452,15",1,"1,82"
335,*Oc1ccc(cc1)C(C)(C)c2ccc(cc2)OC(=O)*,n-tetradecane,CCCCCCCCCCCCCC,253,"526,15",1,"1,54"
336,*Oc1ccc(cc1)C(C)(C)c2ccc(cc2)OC(=O)*,toluene,CC1=CC=CC=C1,179,"452,15",1,"0,46"
337,*Oc1ccc(cc1)C(C)(C)c2ccc(cc2)OC(=O)*,toluene,CC1=CC=CC=C1,253,"526,15",1,"0,37"
338,*Oc1ccc(cc1)C(C)(C)c2ccc(cc2)OC(=O)*,n-undecane,CCCCCCCCCCC,179,"452,15",1,"1,73"
339,*Oc1ccc(cc1)C(C)(C)c2ccc(cc2)OC(=O)*,n-undecane,CCCCCCCCCCC,253,"526,15",1,"1,53"
340,*CC(Cl)=CC*,acetone,CC(C)=O,100,"373,15",1,"0,87"
341,*CC(Cl)=CC*,benzene,C1=CC=CC=C1,100,"373,15",1,"0,18"
342,*CC(Cl)=CC*,n-butane,CCCC,100,"373,15",1,"0,99"
343,*CC(Cl)=CC*,1-butanol,CCCCO,100,"373,15",1,"1,61"
344,*CC(Cl)=CC*,2-butanone,CCC(=O)C,100,"373,15",1,"0,61"
345,*CC(Cl)=CC*,n-butyl acetate,CCCCOC(C)=O,100,"373,15",1,"0,44"
346,*CC(Cl)=CC*,carbon tetrachloride,ClC(Cl)(Cl)Cl,100,"373,15",1,"0,23"
347,*CC(Cl)=CC*,chlorobenzene,ClC1=CC=CC=C1,100,"373,15",1,"0,1"
348,*CC(Cl)=CC*,1-chlorobutane,CCCCCl,100,"373,15",1,"0,39"
349,*CC(Cl)=CC*,chloroform,ClC(Cl)Cl,100,"373,15",1,"0,28"
350,*CC(Cl)=CC*,chloromethane,CCl,100,"373,15",1,"0,52"
351,*CC(Cl)=CC*,1-chloropentane,CCCCCCl,100,"373,15",1,"0,33"
352,*CC(Cl)=CC*,cycloheptane,C1CCCCCC1,100,"373,15",1,"0,45"
353,*CC(Cl)=CC*,cyclohexane,C1CCCCC1,100,"373,15",1,"0,55"
354,*CC(Cl)=CC*,cyclohexene,C1=CCCCC1,100,"373,15",1,"0,38"
355,*CC(Cl)=CC*,cyclooctane,C1CCCCCCC1,100,"373,15",1,"0,4"
356,*CC(Cl)=CC*,cyclopentane,C1CCCC1,100,"373,15",1,"0,55"
357,*CC(Cl)=CC*,n-decane,CCCCCCCCCC,100,"373,15",1,"0,94"
358,*CC(Cl)=CC*,"1,1-dichloroethane",CC(Cl)Cl,100,"373,15",1,"0,37"
359,*CC(Cl)=CC*,"1,2-dichloroethane",ClCCCl,100,"373,15",1,"0,48"
360,*CC(Cl)=CC*,dichloromethane,ClCCl,100,"373,15",1,"0,43"
361,*CC(Cl)=CC*,"1,4-dioxane",C1COCCO1,100,"373,15",1,"0,46"
362,*CC(Cl)=CC*,ethanol,CCO,100,"373,15",1,"2,27"
363,*CC(Cl)=CC*,ethyl acetate,CCOC(C)=O,100,"373,15",1,"0,64"
364,*CC(Cl)=CC*,ethylbenzene,CCC1=CC=CC=C1,100,"373,15",1,"0,16"
365,*CC(Cl)=CC*,n-heptane,CCCCCCC,100,"373,15",1,"0,88"
366,*CC(Cl)=CC*,n-hexane,CCCCCC,100,"373,15",1,"0,91"
367,*CC(Cl)=CC*,methyl acetate,COC(C)=O,100,"373,15",1,"0,81"
368,*CC(Cl)=CC*,n-nonane,CCCCCCCCC,100,"373,15",1,"0,92"
369,*CC(Cl)=CC*,n-octane,CCCCCCCC,100,"373,15",1,"0,9"
370,*CC(Cl)=CC*,n-pentane,CCCCC,100,"373,15",1,"0,96"
371,*CC(Cl)=CC*,1-pentanol,CCCCCO,100,"373,15",1,"1,41"
372,*CC(Cl)=CC*,propane,CCC,100,"373,15",1,"1,36"
373,*CC(Cl)=CC*,1-propanol,CCCO,100,"373,15",1,"1,83"
374,*CC(Cl)=CC*,n-propyl acetate,CCCOC(C)=O,100,"373,15",1,"0,51"
375,*CC(Cl)=CC*,tetrahydrofuran,C1CCOC1,100,"373,15",1,"0,06"
376,*CC(Cl)=CC*,"1,1,1-trichloroethane",CC(Cl)(Cl)Cl,100,"373,15",1,"0,21"
377,*CC(Cl)=CC*,trichloroethylene,ClC=C(Cl)Cl,100,"373,15",1,"0,24"
378,*CC(Cl)=CC*,toluene,CC1=CC=CC=C1,100,"373,15",1,"0,14"
379,*CC(Cl)=CC*,n-undecane,CCCCCCCCCCC,100,"373,15",1,"0,96"
380,*CC(c1ccccc1Cl)*,n-butyl acetate,CCCCOC(C)=O,30,"303,15",0,"0,49"
381,*CC(c1ccccc1Cl)*,chlorobenzene,ClC1=CC=CC=C1,30,"303,15",0,"0,472"
382,*CC(c1ccccc1Cl)*,toluene,CC1=CC=CC=C1,30,"303,15",0,"0,47"
383,*CC(c1ccc(Cl)cc1)*,n-butyl acetate,CCCCOC(C)=O,30,"303,15",0,"0,448"
384,*CC(c1ccc(Cl)cc1)*,chlorobenzene,ClC1=CC=CC=C1,30,"303,15",0,"0,465"
385,*CC(c1ccc(Cl)cc1)*,toluene,CC1=CC=CC=C1,22,"295,15","0,2","0,55"
386,*CC(c1ccc(Cl)cc1)*,toluene,CC1=CC=CC=C1,22,"295,15","0,6","0,55"
387,*CC(c1ccc(Cl)cc1)*,toluene,CC1=CC=CC=C1,30,"303,15",0,"0,489"
388,*CC(C(=O)N(CC)CC)*,ethanol,CCO,10,"283,15","0,08","0,47"
389,*CC(C(=O)N(CC)CC)*,ethanol,CCO,60,"333,15","0,08","0,47"
390,*CC(C(=O)N(CC)CC)*,water,O,3,"276,15","0,07","0,5"
391,*CC(C(=O)N(CC)CC)*,water,O,30,"303,15","0,05","0,62"
392,*CC(C(=O)N(CC)CC)*,water,O,60,"333,15","0,85","1,16"
393,*CC(C(=O)N(C)C)*,ethanol,CCO,10,"283,15","0,08","0,4"
394,*CC(C(=O)N(C)C)*,ethanol,CCO,60,"333,15","0,08","0,41"
395,*CC(C(=O)N(C)C)*,water,O,3,"276,15","0,07","0,48"
396,*CC(C(=O)N(C)C)*,water,O,60,"333,15","0,1","0,52"
397,*O[Si](C)(C)*,acetone,CC(C)=O,100,"373,15",1,"1,33"
398,*O[Si](C)(C)*,benzene,C1=CC=CC=C1,20,"293,15","0,4","0,64"
399,*O[Si](C)(C)*,benzene,C1=CC=CC=C1,20,"293,15",1,"0,85"
400,*O[Si](C)(C)*,benzene,C1=CC=CC=C1,25,"298,15","0,2","0,56"
401,*O[Si](C)(C)*,benzene,C1=CC=CC=C1,25,"298,15",1,"0,82"
402,*O[Si](C)(C)*,benzene,C1=CC=CC=C1,30,"303,15","0,08","0,5"
403,*O[Si](C)(C)*,benzene,C1=CC=CC=C1,30,"303,15","0,47","0,36"
404,*O[Si](C)(C)*,benzene,C1=CC=CC=C1,30,"303,15","0,88","0,745"
405,*O[Si](C)(C)*,benzene,C1=CC=CC=C1,30,"303,15",1,"0,759"
406,*O[Si](C)(C)*,benzene,C1=CC=CC=C1,25,"298,15",1,"0,8"
407,*O[Si](C)(C)*,benzene,C1=CC=CC=C1,70,"343,15",1,"0,74"
408,*O[Si](C)(C)*,benzene,C1=CC=CC=C1,40,"313,15",1,"0,79"
409,*O[Si](C)(C)*,benzene,C1=CC=CC=C1,100,"373,15",1,"0,58"
410,*O[Si](C)(C)*,n-butane,CCCC,100,"373,15",1,"0,25"
411,*O[Si](C)(C)*,1-butanol,CCCCO,100,"373,15",1,"1,91"
412,*O[Si](C)(C)*,2-butanone,CCC(=O)C,20,"293,15","0,08","0,52"
413,*O[Si](C)(C)*,2-butanone,CCC(=O)C,20,"293,15","0,3","0,61"
414,*O[Si](C)(C)*,2-butanone,CCC(=O)C,25,"298,15",0,"0,5"
415,*O[Si](C)(C)*,2-butanone,CCC(=O)C,30,"303,15","0,35","0,44"
416,*O[Si](C)(C)*,2-butanone,CCC(=O)C,30,"303,15","0,66","0,66"
417,*O[Si](C)(C)*,2-butanone,CCC(=O)C,50,"323,15","0,08","0,5"
418,*O[Si](C)(C)*,2-butanone,CCC(=O)C,50,"323,15","0,29","0,58"
419,*O[Si](C)(C)*,n-butyl acetate,CCCCOC(C)=O,100,"373,15",1,"0,68"
420,*O[Si](C)(C)*,carbon dioxide (20 < P < 62 bar),O=C=O,35,"308,15","0,78","0,75"
421,*O[Si](C)(C)*,carbon dioxide (20 < P < 62 bar),O=C=O,35,"308,15","0,94","0,75"
422,*O[Si](C)(C)*,carbon dioxide (P = 300 bar),O=C=O,45,"318,15","0,67","0,45"
423,*O[Si](C)(C)*,carbon tetrachloride,ClC(Cl)(Cl)Cl,100,"373,15",1,"0,36"
424,*O[Si](C)(C)*,chlorobenzene,ClC1=CC=CC=C1,20,"293,15",0,"0,475"
425,*O[Si](C)(C)*,chlorobenzene,ClC1=CC=CC=C1,20,"293,15","0,2","0,54"
426,*O[Si](C)(C)*,chlorobenzene,ClC1=CC=CC=C1,60,"333,15",0,"0,455"
427,*O[Si](C)(C)*,chlorobenzene,ClC1=CC=CC=C1,60,"333,15","0,2","0,52"
428,*O[Si](C)(C)*,chlorobenzene,ClC1=CC=CC=C1,100,"373,15",1,"0,76"
429,*O[Si](C)(C)*,1-chlorobutane,CCCCCl,100,"373,15",1,"0,49"
430,*O[Si](C)(C)*,chloroform,ClC(Cl)Cl,100,"373,15",1,"0,6"
431,*O[Si](C)(C)*,chloromethane,CCl,100,"373,15",1,"0,44"
432,*O[Si](C)(C)*,1-chloropentane,CCCCCCl,100,"373,15",1,"0,48"
433,*O[Si](C)(C)*,cycloheptane,C1CCCCCC1,25,"298,15",1,"0,56"
434,*O[Si](C)(C)*,cycloheptane,C1CCCCCC1,70,"343,15",1,"0,53"
435,*O[Si](C)(C)*,cycloheptane,C1CCCCCC1,100,"373,15",1,"0,42"
436,*O[Si](C)(C)*,cyclohexane,C1CCCCC1,20,"293,15",0,"0,409"
437,*O[Si](C)(C)*,cyclohexane,C1CCCCC1,20,"293,15","0,2","0,44"
438,*O[Si](C)(C)*,cyclohexane,C1CCCCC1,25,"298,15","0,2","0,46"
439,*O[Si](C)(C)*,cyclohexane,C1CCCCC1,25,"298,15","0,6","0,5"
440,*O[Si](C)(C)*,cyclohexane,C1CCCCC1,25,"298,15",1,"0,48"
441,*O[Si](C)(C)*,cyclohexane,C1CCCCC1,70,"343,15",1,"0,48"
442,*O[Si](C)(C)*,cyclohexane,C1CCCCC1,30,"303,15","0,35","0,42"
443,*O[Si](C)(C)*,cyclohexane,C1CCCCC1,30,"303,15","0,95","0,42"
444,*O[Si](C)(C)*,cyclohexane,C1CCCCC1,100,"373,15",1,"0,35"
445,*O[Si](C)(C)*,cyclohexene,C1=CCCCC1,100,"373,15",1,"0,36"
446,*O[Si](C)(C)*,cyclooctane,C1CCCCCCC1,25,"298,15",1,"0,66"
447,*O[Si](C)(C)*,cyclooctane,C1CCCCCCC1,70,"343,15",1,"0,61"
448,*O[Si](C)(C)*,cyclooctane,C1CCCCCCC1,100,"373,15",1,"0,5"
449,*O[Si](C)(C)*,cyclopentane,C1CCCC1,25,"298,15",1,"0,42"
450,*O[Si](C)(C)*,cyclopentane,C1CCCC1,70,"343,15",1,"0,46"
451,*O[Si](C)(C)*,cyclopentane,C1CCCC1,100,"373,15",1,"0,28"
452,*O[Si](C)(C)*,n-decane,CCCCCCCCCC,100,"373,15",1,"0,51"
453,*O[Si](C)(C)*,"1,1-dichloroethane",CC(Cl)Cl,100,"373,15",1,"0,6"
454,*O[Si](C)(C)*,"1,2-dichloroethane",ClCCCl,100,"373,15",1,"0,96"
455,*O[Si](C)(C)*,dichloromethane,ClCCl,100,"373,15",1,"0,69"
456,*O[Si](C)(C)*,"2,6-dimethyl-4-heptanone",CC(C)CC(=O)CC(C)C,35,"308,15","0,08","0,45"
457,*O[Si](C)(C)*,"2,6-dimethyl-4-heptanone",CC(C)CC(=O)CC(C)C,35,"308,15","0,22","0,49"
458,*O[Si](C)(C)*,"1,4-dioxane",C1COCCO1,25,"298,15",1,"1,32"
459,*O[Si](C)(C)*,"1,4-dioxane",C1COCCO1,70,"343,15",1,"1,18"
460,*O[Si](C)(C)*,"1,4-dioxane",C1COCCO1,100,"373,15",1,"1,06"
461,*O[Si](C)(C)*,ethyl acetate,CCOC(C)=O,100,"373,15",1,"0,82"
462,*O[Si](C)(C)*,ethanol,CCO,100,"373,15",1,"2,6"
463,*O[Si](C)(C)*,ethylbenzene,CCC1=CC=CC=C1,24,"297,15","0,4","0,54"
464,*O[Si](C)(C)*,ethylbenzene,CCC1=CC=CC=C1,24,"297,15",1,"0,77"
465,*O[Si](C)(C)*,ethylbenzene,CCC1=CC=CC=C1,25,"298,15",1,"0,83"
466,*O[Si](C)(C)*,ethylbenzene,CCC1=CC=CC=C1,70,"343,15",1,"0,78"
467,*O[Si](C)(C)*,ethylbenzene,CCC1=CC=CC=C1,25,"298,15",1,"0,77"
468,*O[Si](C)(C)*,ethylbenzene,CCC1=CC=CC=C1,70,"343,15",1,"0,73"
469,*O[Si](C)(C)*,ethylbenzene,CCC1=CC=CC=C1,100,"373,15",1,"0,62"
470,*O[Si](C)(C)*,n-heptane,CCCCCCC,20,"293,15","0,4","0,46"
471,*O[Si](C)(C)*,n-heptane,CCCCCCC,20,"293,15",1,"0,46"
472,*O[Si](C)(C)*,n-heptane,CCCCCCC,35,"308,15","0,06","0,42"
473,*O[Si](C)(C)*,n-heptane,CCCCCCC,35,"308,15","0,19","0,42"
474,*O[Si](C)(C)*,n-heptane,CCCCCCC,50,"323,15","0,06","0,43"
475,*O[Si](C)(C)*,n-heptane,CCCCCCC,50,"323,15","0,16","0,43"
476,*O[Si](C)(C)*,n-heptane,CCCCCCC,25,"298,15",1,"0,49"
477,*O[Si](C)(C)*,n-heptane,CCCCCCC,70,"343,15",1,"0,49"
478,*O[Si](C)(C)*,n-heptane,CCCCCCC,100,"373,15",1,"0,35"
479,*O[Si](C)(C)*,3-heptanone,CCCCC(=O)CC,35,"308,15","0,08","0,48"
480,*O[Si](C)(C)*,3-heptanone,CCCCC(=O)CC,35,"308,15","0,29","0,56"
481,*O[Si](C)(C)*,3-heptanone,CCCCC(=O)CC,50,"323,15","0,08","0,47"
482,*O[Si](C)(C)*,3-heptanone,CCCCC(=O)CC,50,"323,15","0,26","0,53"
483,*O[Si](C)(C)*,hexamethyldisiloxane,C[Si](C)(C)O[Si](C)(C)C,23,"296,15","0,4","0,3"
484,*O[Si](C)(C)*,hexamethyldisiloxane,C[Si](C)(C)O[Si](C)(C)C,23,"296,15",1,"0,25"
485,*O[Si](C)(C)*,hexamethyldisiloxane,C[Si](C)(C)O[Si](C)(C)C,25,"298,15",1,"0,28"
486,*O[Si](C)(C)*,hexamethyldisiloxane,C[Si](C)(C)O[Si](C)(C)C,70,"343,15",1,"0,34"
487,*O[Si](C)(C)*,n-hexane,CCCCCC,20,"293,15","0,03","0,39"
488,*O[Si](C)(C)*,n-hexane,CCCCCC,20,"293,15","0,17","0,37"
489,*O[Si](C)(C)*,n-hexane,CCCCCC,30,"303,15","0,86","0,387"
490,*O[Si](C)(C)*,n-hexane,CCCCCC,30,"303,15",1,"0,397"
491,*O[Si](C)(C)*,n-hexane,CCCCCC,50,"323,15","0,06","0,41"
492,*O[Si](C)(C)*,n-hexane,CCCCCC,50,"323,15","0,11","0,41"
493,*O[Si](C)(C)*,n-hexane,CCCCCC,25,"298,15",1,"0,46"
494,*O[Si](C)(C)*,n-hexane,CCCCCC,70,"343,15",1,"0,46"
495,*O[Si](C)(C)*,n-hexane,CCCCCC,100,"373,15",1,"0,3"
496,*O[Si](C)(C)*,mesitylene,CC1=CC(C)=CC(C)=C1,25,"298,15",1,"0,95"
497,*O[Si](C)(C)*,mesitylene,CC1=CC(C)=CC(C)=C1,70,"343,15",1,"0,86"
498,*O[Si](C)(C)*,methyl acetate,COC(C)=O,100,"373,15",1,"1,01"
499,*O[Si](C)(C)*,2-methylbutane,CCC(C)C,25,"298,15",1,"0,39"
500,*O[Si](C)(C)*,2-methylbutane,CCC(C)C,100,"373,15",1,"1,1"
501,*O[Si](C)(C)*,2-methylheptane,CC(C)CCCCC,25,"298,15",1,"0,5"
502,*O[Si](C)(C)*,2-methylheptane,CC(C)CCCCC,70,"343,15",1,"0,5"
503,*O[Si](C)(C)*,2-methylhexane,CC(C)CCCC,25,"298,15",1,"0,45"
504,*O[Si](C)(C)*,2-methylhexane,CC(C)CCCC,70,"343,15",1,"0,45"
505,*O[Si](C)(C)*,3-methylhexane,CCC(C)CCC,25,"298,15",1,"0,44"
506,*O[Si](C)(C)*,3-methylhexane,CCC(C)CCC,70,"343,15",1,"0,44"
507,*O[Si](C)(C)*,2-methylpentane,CC(C)CCC,25,"298,15",1,"0,44"
508,*O[Si](C)(C)*,2-methylpentane,CC(C)CCC,70,"343,15",1,"0,44"
509,*O[Si](C)(C)*,4-methyl-2-pentanone,CC(C)CC(C)=O,20,"293,15","0,1","0,49"
510,*O[Si](C)(C)*,4-methyl-2-pentanone,CC(C)CC(C)=O,20,"293,15","0,22","0,55"
511,*O[Si](C)(C)*,4-methyl-2-pentanone,CC(C)CC(C)=O,35,"308,15","0,09","0,48"
512,*O[Si](C)(C)*,4-methyl-2-pentanone,CC(C)CC(C)=O,35,"308,15","0,24","0,53"
513,*O[Si](C)(C)*,n-nonane,CCCCCCCCC,20,"293,15","0,07","0,48"
514,*O[Si](C)(C)*,n-nonane,CCCCCCCCC,20,"293,15","0,21","0,49"
515,*O[Si](C)(C)*,n-nonane,CCCCCCCCC,50,"323,15","0,07","0,46"
516,*O[Si](C)(C)*,n-nonane,CCCCCCCCC,50,"323,15","0,21","0,49"
517,*O[Si](C)(C)*,n-nonane,CCCCCCCCC,100,"373,15",1,"0,45"
518,*O[Si](C)(C)*,octamethylcyclotetrasiloxane,C[Si]1(C)O[Si](C)(C)O[Si](C)(C)O[Si](C)(C)O1,25,"298,15","0,1","0,31"
519,*O[Si](C)(C)*,octamethylcyclotetrasiloxane,C[Si]1(C)O[Si](C)(C)O[Si](C)(C)O[Si](C)(C)O1,25,"298,15","0,17","0,37"
520,*O[Si](C)(C)*,octamethyltrisiloxane,C[Si](C)(C)O[Si](C)(C)O[Si](C)(C)C,23,"296,15","0,4","0,22"
521,*O[Si](C)(C)*,octamethyltrisiloxane,C[Si](C)(C)O[Si](C)(C)O[Si](C)(C)C,23,"296,15",1,"0,14"
522,*O[Si](C)(C)*,n-octane,CCCCCCCC,20,"293,15","0,4","0,5"
523,*O[Si](C)(C)*,n-octane,CCCCCCCC,20,"293,15",1,"0,5"
524,*O[Si](C)(C)*,n-octane,CCCCCCCC,20,"293,15","0,05","0,45"
525,*O[Si](C)(C)*,n-octane,CCCCCCCC,20,"293,15","0,21","0,46"
526,*O[Si](C)(C)*,n-octane,CCCCCCCC,50,"323,15","0,06","0,43"
527,*O[Si](C)(C)*,n-octane,CCCCCCCC,50,"323,15","0,19","0,45"
528,*O[Si](C)(C)*,n-octane,CCCCCCCC,25,"298,15",1,"0,56"
529,*O[Si](C)(C)*,n-octane,CCCCCCCC,100,"373,15",1,"0,4"
530,*O[Si](C)(C)*,n-pentane,CCCCC,20,"293,15","0,4","0,43"
531,*O[Si](C)(C)*,n-pentane,CCCCC,20,"293,15",1,"0,4"
532,*O[Si](C)(C)*,n-pentane,CCCCC,25,"298,15",1,"0,42"
533,*O[Si](C)(C)*,n-pentane,CCCCC,70,"343,15",1,"0,42"
534,*O[Si](C)(C)*,n-pentane,CCCCC,25,"298,15",1,"0,45"
535,*O[Si](C)(C)*,n-pentane,CCCCC,70,"343,15",1,"0,49"
536,*O[Si](C)(C)*,n-pentane,CCCCC,100,"373,15",1,"0,31"
537,*O[Si](C)(C)*,1-pentanol,CCCCCO,100,"373,15",1,"1,75"
538,*O[Si](C)(C)*,propane,CCC,100,"373,15",1,"0,21"
539,*O[Si](C)(C)*,1-propanol,CCCO,100,"373,15",1,"2,06"
540,*O[Si](C)(C)*,n-propyl acetate,CCCOC(C)=O,100,"373,15",1,"0,72"
541,*O[Si](C)(C)*,tetrahydrofuran,C1CCOC1,100,"373,15",1,"0,48"
542,*O[Si](C)(C)*,toluene,CC1=CC=CC=C1,20,"293,15",0,"0,445"
543,*O[Si](C)(C)*,toluene,CC1=CC=CC=C1,20,"293,15",1,"0,82"
544,*O[Si](C)(C)*,toluene,CC1=CC=CC=C1,25,"298,15",1,"0,8"
545,*O[Si](C)(C)*,toluene,CC1=CC=CC=C1,70,"343,15",1,"0,75"
546,*O[Si](C)(C)*,toluene,CC1=CC=CC=C1,25,"298,15",1,"0,75"
547,*O[Si](C)(C)*,toluene,CC1=CC=CC=C1,70,"343,15",1,"0,71"
548,*O[Si](C)(C)*,toluene,CC1=CC=CC=C1,100,"373,15",1,"0,59"
549,*O[Si](C)(C)*,toluene,CC1=CC=CC=C1,30,"303,15","0,07","0,47"
550,*O[Si](C)(C)*,toluene,CC1=CC=CC=C1,30,"303,15","0,45","0,57"
551,*O[Si](C)(C)*,"1,1,1-trichloroethane",CC(Cl)(Cl)Cl,100,"373,15",1,"0,37"
552,*O[Si](C)(C)*,trichloroethylene,ClC=C(Cl)Cl,100,"373,15",1,"0,53"
553,*O[Si](C)(C)*,"2,2,4-trimethylpentane",CC(C)CC(C)(C)C,25,"298,15",1,"0,44"
554,*O[Si](C)(C)*,"2,2,4-trimethylpentane",CC(C)CC(C)(C)C,70,"343,15",1,"0,44"
555,*O[Si](C)(C)*,n-undecane,CCCCCCCCCCC,100,"373,15",1,"0,58"
556,*O[Si](C)(C)*,m-xylene,CC1=CC(C)=CC=C1,25,"298,15",1,"0,82"
557,*O[Si](C)(C)*,m-xylene,CC1=CC(C)=CC=C1,70,"343,15",1,"0,76"
558,*O[Si](C)(C)*,o-xylene,CC1=CC=CC=C1C,25,"298,15",1,"0,86"
559,*O[Si](C)(C)*,o-xylene,CC1=CC=CC=C1C,70,"343,15",1,"0,8"
560,*O[Si](C)(C)*,p-xylene,CC1=CC=C(C)C=C1,25,"298,15","0,6","0,58"
561,*O[Si](C)(C)*,p-xylene,CC1=CC=C(C)C=C1,25,"298,15",1,"0,78"
562,*O[Si](C)(C)*,p-xylene,CC1=CC=C(C)C=C1,25,"298,15",1,"0,8"
563,*O[Si](C)(C)*,p-xylene,CC1=CC=C(C)C=C1,70,"343,15",1,"0,77"
564,*OCOCCCCC*,tetrahydrofuran,C1CCOC1,25,"298,15",0,"0,38"
565,*OCOCCCCC*,toluene,CC1=CC=CC=C1,25,"298,15",0,"0,37"
566,*CC(CCl)O*,acetone,CC(C)=O,100,"373,15",1,"0,28"
567,*CC(CCl)O*,benzene,C1=CC=CC=C1,100,"373,15",1,"0,25"
568,*CC(CCl)O*,n-butane,CCCC,100,"373,15",1,"1,65"
569,*CC(CCl)O*,1-butanol,CCCCO,100,"373,15",1,"1,12"
570,*CC(CCl)O*,2-butanone,CCC(=O)C,100,"373,15",1,"0,2"
571,*CC(CCl)O*,n-butyl acetate,CCCCOC(C)=O,100,"373,15",1,"0,36"
572,*CC(CCl)O*,carbon tetrachloride,ClC(Cl)(Cl)Cl,100,"373,15",1,"0,69"
573,*CC(CCl)O*,chlorobenzene,ClC1=CC=CC=C1,100,"373,15",1,"0,24"
574,*CC(CCl)O*,1-chlorobutane,CCCCCl,100,"373,15",1,"0,62"
575,*CC(CCl)O*,chloroform,ClC(Cl)Cl,100,"373,15",1,"0,25"
576,*CC(CCl)O*,chloromethane,CCl,100,"373,15",1,"0,36"
577,*CC(CCl)O*,1-chloropentane,CCCCCCl,100,"373,15",1,"0,65"
578,*CC(CCl)O*,cycloheptane,C1CCCCCC1,100,"373,15",1,"1,19"
579,*CC(CCl)O*,cyclohexane,C1CCCCC1,100,"373,15",1,"1,25"
580,*CC(CCl)O*,cyclohexene,C1=CCCCC1,100,"373,15",1,"0,84"
581,*CC(CCl)O*,cyclooctane,C1CCCCCCC1,100,"373,15",1,"1,2"
582,*CC(CCl)O*,cyclopentane,C1CCCC1,100,"373,15",1,"1,16"
583,*CC(CCl)O*,n-decane,CCCCCCCCCC,100,"373,15",1,"2,12"
584,*CC(CCl)O*,"1,1-dichloroethane",CC(Cl)Cl,100,"373,15",1,"0,33"
585,*CC(CCl)O*,"1,2-dichloroethane",ClCCCl,100,"373,15",1,"0,2"
586,*CC(CCl)O*,dichloromethane,ClCCl,100,"373,15",1,"0,18"
587,*CC(CCl)O*,"1,4-dioxane",C1COCCO1,100,"373,15",1,"0,04"
588,*CC(CCl)O*,ethanol,CCO,100,"373,15",1,"1,58"
589,*CC(CCl)O*,ethyl acetate,CCOC(C)=O,100,"373,15",1,"0,35"
590,*CC(CCl)O*,ethylbenzene,CCC1=CC=CC=C1,100,"373,15",1,"0,44"
591,*CC(CCl)O*,n-heptane,CCCCCCC,100,"373,15",1,"1,79"
592,*CC(CCl)O*,n-hexane,CCCCCC,100,"373,15",1,"1,72"
593,*CC(CCl)O*,methyl acetate,COC(C)=O,100,"373,15",1,"0,39"
594,*CC(CCl)O*,n-nonane,CCCCCCCCC,100,"373,15",1,"1,99"
595,*CC(CCl)O*,n-octane,CCCCCCCC,100,"373,15",1,"1,89"
596,*CC(CCl)O*,n-pentane,CCCCC,100,"373,15",1,"1,64"
597,*CC(CCl)O*,1-pentanol,CCCCCO,100,"373,15",1,"1,03"
598,*CC(CCl)O*,propane,CCC,100,"373,15",1,"1,71"
599,*CC(CCl)O*,1-propanol,CCCO,100,"373,15",1,"1,22"
600,*CC(CCl)O*,n-propyl acetate,CCCOC(C)=O,100,"373,15",1,"0,33"
601,*CC(CCl)O*,tetrahydrofuran,C1CCOC1,100,"373,15",1,"0,01"
602,*CC(CCl)O*,"1,1,1-trichloroethane",CC(Cl)(Cl)Cl,100,"373,15",1,"0,46"
603,*CC(CCl)O*,trichloroethylene,ClC=C(Cl)Cl,100,"373,15",1,"0,53"
604,*CC(CCl)O*,toluene,CC1=CC=CC=C1,100,"373,15",1,"0,31"
605,*CC(CCl)O*,n-undecane,CCCCCCCCCCC,100,"373,15",1,"2,24"
606,*CC(C(=O)NCC)*,ethanol,CCO,10,"283,15","0,08","0,39"
607,*CC(C(=O)NCC)*,ethanol,CCO,60,"333,15","0,08","0,4"
608,*CC(C(=O)NCC)*,water,O,3,"276,15","0,05","0,42"
609,*CC(C(=O)NCC)*,water,O,30,"303,15","0,06","0,46"
610,*CC(C(=O)NCC)*,water,O,60,"333,15","0,1","0,51"
611,*CC*,benzene,C1=CC=CC=C1,125,"398,15",1,"0,43"
612,*CC*,benzene,C1=CC=CC=C1,135,"408,15",1,"0,36"
613,*CC*,1-butanol,CCCCO,135,"408,15",1,"1,38"
614,*CC*,carbon tetrachloride,ClC(Cl)(Cl)Cl,135,"408,15",1,"0,24"
615,*CC*,chlorobenzene,ClC1=CC=CC=C1,135,"408,15",1,"0,34"
616,*CC*,1-chlorobutane,CCCCCl,135,"408,15",1,"0,44"
617,*CC*,chloroform,ClC(Cl)Cl,135,"408,15",1,"0,41"
618,*CC*,cyclohexane,C1CCCCC1,125,"398,15",1,"0,18"
619,*CC*,cyclohexane,C1CCCCC1,135,"408,15",1,"0,18"
620,*CC*,cyclohexanol,OC1CCCCC1,135,"408,15",1,"1,22"
621,*CC*,cis-decahydronaphthalene,C1CC[C@H]2CCCC[C@H]2C1,120,"393,15",1,"0,03"
622,*CC*,cis-decahydronaphthalene,C1CC[C@H]2CCCC[C@H]2C1,145,"418,15",1,"0,03"
623,*CC*,trans-decahydronaphthalene,C1CC[C@H]2CCCC[C@@H]2C1,120,"393,15",1,"0,01"
624,*CC*,trans-decahydronaphthalene,C1CC[C@H]2CCCC[C@@H]2C1,145,"418,15",1,"0,01"
625,*CC*,n-decane,CCCCCCCCCC,120,"393,15",1,"0,25"
626,*CC*,n-decane,CCCCCCCCCC,145,"418,15",1,"0,29"
627,*CC*,"2,4-dimethylhexane",CC(C)CC(C)CC,120,"393,15",1,"0,33"
628,*CC*,"2,4-dimethylhexane",CC(C)CC(C)CC,145,"418,15",1,"0,33"
629,*CC*,"2,5-dimethylhexane",CC(C)CCC(C)C,120,"393,15",1,"0,35"
630,*CC*,"2,5-dimethylhexane",CC(C)CCC(C)C,145,"418,15",1,"0,35"
631,*CC*,"3,4-dimethylhexane",CCC(C)C(C)CC,120,"393,15",1,"0,25"
632,*CC*,"3,4-dimethylhexane",CCC(C)C(C)CC,145,"418,15",1,"0,25"
633,*CC*,n-dodecane,CCCCCCCCCCCC,110,"383,15",1,"0,18"
634,*CC*,n-dodecane,CCCCCCCCCCCC,145,"418,15",1,"0,18"
635,*CC*,n-dodecane,CCCCCCCCCCCC,120,"393,15",1,"0,24"
636,*CC*,n-dodecane,CCCCCCCCCCCC,145,"418,15",1,"0,24"
637,*CC*,ethylbenzene,CCC1=CC=CC=C1,120,"393,15",1,"0,33"
638,*CC*,ethylbenzene,CCC1=CC=CC=C1,145,"418,15",1,"0,33"
639,*CC*,n-heptane,CCCCCCC,109,"382,15","0,2","0,29"
640,*CC*,n-heptane,CCCCCCC,109,"382,15","0,6","0,34"
641,*CC*,mesitylene,CC1=CC(C)=CC(C)=C1,120,"393,15",1,"0,24"
642,*CC*,mesitylene,CC1=CC(C)=CC(C)=C1,145,"418,15",1,"0,24"
643,*CC*,3-methylheptane,CCC(C)CCCC,120,"393,15",1,"0,3"
644,*CC*,3-methylheptane,CCC(C)CCCC,145,"418,15",1,"0,3"
645,*CC*,3-methylhexane,CCC(C)CCC,120,"393,15",1,"0,34"
646,*CC*,3-methylhexane,CCC(C)CCC,145,"418,15",1,"0,34"
647,*CC*,n-nonane,CCCCCCCCC,120,"393,15",1,"0,28"
648,*CC*,n-nonane,CCCCCCCCC,145,"418,15",1,"0,28"
649,*CC*,n-octane,CCCCCCCC,120,"393,15",1,"0,3"
650,*CC*,n-octane,CCCCCCCC,145,"418,15",1,"0,3"
651,*CC*,1-octene,C=CCCCCCC,135,"408,15",1,"0,31"
652,*CC*,2-pentanone,CCCC(=O)C,135,"408,15",1,"0,88"
653,*CC*,phenol,OC1=CC=CC=C1,135,"408,15",1,"1,5"
654,*CC*,"1,2,3,4-tetrahydronaphthalene",C1CCC2=CC=CC=C2C1,105,"378,15",0,"0,495"
655,*CC*,"1,2,3,4-tetrahydronaphthalene",C1CCC2=CC=CC=C2C1,120,"393,15",1,"0,28"
656,*CC*,"1,2,3,4-tetrahydronaphthalene",C1CCC2=CC=CC=C2C1,145,"418,15",1,"0,28"
657,*CC*,toluene,CC1=CC=CC=C1,120,"393,15",1,"0,34"
658,*CC*,toluene,CC1=CC=CC=C1,145,"418,15",1,"0,34"
659,*CC*,"2,2,4-trimethylhexane",CCC(C)CC(C)(C)C,120,"393,15",1,"0,28"
660,*CC*,"2,2,4-trimethylhexane",CCC(C)CC(C)(C)C,145,"418,15",1,"0,28"
661,*CC*,"2,2,4-trimethylpentane",CC(C)CC(C)(C)C,120,"393,15",1,"0,34"
662,*CC*,"2,2,4-trimethylpentane",CC(C)CC(C)(C)C,145,"418,15",1,"0,34"
663,*CC*,m-xylene,CC1=CC(C)=CC=C1,120,"393,15",1,"0,29"
664,*CC*,m-xylene,CC1=CC(C)=CC=C1,145,"418,15",1,"0,29"
665,*CC*,p-xylene,CC1=CC=C(C)C=C1,81,"354,15",0,"0,45"
666,*CC*,p-xylene,CC1=CC=C(C)C=C1,120,"393,15",1,"0,28"
667,*CC*,p-xylene,CC1=CC=C(C)C=C1,145,"418,15",1,"0,28"
670,*CC*,cis-decahydronaphthalene,C1CC[C@H]2CCCC[C@H]2C1,149,"422,15",1,"0,07"
671,*CC*,trans-decahydronaphthalene,C1CC[C@H]2CCCC[C@@H]2C1,149,"422,15",1,"0,05"
672,*CC*,n-decane,CCCCCCCCCC,145,"418,15",1,"0,18"
673,*CC*,n-decane,CCCCCCCCCC,190,"463,15",1,"0,18"
674,*CC*,n-decane,CCCCCCCCCC,149,"422,15",1,"0,31"
675,*CC*,n-decane,CCCCCCCCCC,185,"458,15",1,"0,12"
676,*CC*,"2,4-dimethylhexane",CC(C)CC(C)CC,149,"422,15",1,"0,38"
677,*CC*,"2,5-dimethylhexane",CC(C)CCC(C)C,149,"422,15",1,"0,4"
678,*CC*,"3,4-dimethylhexane",CCC(C)C(C)CC,149,"422,15",1,"0,31"
679,*CC*,n-dodecane,CCCCCCCCCCCC,149,"422,15",1,"0,28"
680,*CC*,ethylbenzene,CCC1=CC=CC=C1,149,"422,15",1,"0,37"
681,*CC*,mesitylene,CC1=CC(C)=CC(C)=C1,149,"422,15",1,"0,28"
682,*CC*,2-methylheptane,CC(C)CCCCC,149,"422,15",1,"0,39"
683,*CC*,3-methylhexane,CCC(C)CCC,149,"422,15",1,"0,4"
684,*CC*,n-nonane,CCCCCCCCC,149,"422,15",1,"0,34"
685,*CC*,n-octane,CCCCCCCC,149,"422,15",1,"0,36"
686,*CC*,"1,2,3,4-tetrahydronaphthalene",C1CCC2=CC=CC=C2C1,149,"422,15",1,"0,32"
687,*CC*,toluene,CC1=CC=CC=C1,149,"422,15",1,"0,39"
688,*CC*,"2,2,4-trimethylhexane",CCC(C)CC(C)(C)C,149,"422,15",1,"0,35"
689,*CC*,"2,2,4-trimethylpentane",CC(C)CC(C)(C)C,149,"422,15",1,"0,4"
690,*CC*,m-xylene,CC1=CC(C)=CC=C1,149,"422,15",1,"0,34"
691,*CC*,o-xylene,CC1=CC=CC=C1C,110,"383,15",0,"0,31"
692,*CC*,p-xylene,CC1=CC=C(C)C=C1,105,"378,15",0,"0,22"
693,*CC*,p-xylene,CC1=CC=C(C)C=C1,149,"422,15",1,"0,32"
695,*OCCOC(=O)CCCCC(=O)*,acetone,CC(C)=O,120,"393,15",1,"0,53"
696,*OCCOC(=O)CCCCC(=O)*,benzene,C1=CC=CC=C1,120,"393,15",1,"0,58"
697,*OCCOC(=O)CCCCC(=O)*,2-butanone,CCC(=O)C,120,"393,15",1,"0,88"
698,*OCCOC(=O)CCCCC(=O)*,carbon tetrachloride,ClC(Cl)(Cl)Cl,120,"393,15",1,"0,88"
699,*OCCOC(=O)CCCCC(=O)*,chloroform,ClC(Cl)Cl,120,"393,15",1,"0,29"
700,*OCCOC(=O)CCCCC(=O)*,dichloromethane,ClCCl,120,"393,15",1,"0,96"
701,*OCCOC(=O)CCCCC(=O)*,ethyl acetate,CCOC(C)=O,120,"393,15",1,"0,55"
702,*OCCOC(=O)CCCCC(=O)*,n-heptane,CCCCCCC,120,"393,15",1,"2,1"
703,*OCCOC(=O)CCCCC(=O)*,n-hexane,CCCCCC,120,"393,15",1,2
704,*OCCOC(=O)CCCCC(=O)*,n-pentane,CCCCC,120,"393,15",1,"1,8"
705,*CCO*,acetone,CC(C)=O,100,"373,15",1,"0,47"
706,*CCO*,benzene,C1=CC=CC=C1,50,"323,15","0,2","0,18"
707,*CCO*,benzene,C1=CC=CC=C1,50,"323,15","0,6","0,1"
708,*CCO*,benzene,C1=CC=CC=C1,70,"343,15","0,2","0,19"
709,*CCO*,benzene,C1=CC=CC=C1,70,"343,15","0,8","0,09"
710,*CCO*,benzene,C1=CC=CC=C1,100,"373,15",1,"0,13"
711,*CCO*,n-butane,CCCC,100,"373,15",1,"1,64"
712,*CCO*,1-butanol,CCCCO,100,"373,15",1,"0,41"
713,*CCO*,2-butanone,CCC(=O)C,100,"373,15",1,"0,43"
714,*CCO*,n-butyl acetate,CCCCOC(C)=O,100,"373,15",1,"0,48"
715,*CCO*,carbon tetrachloride,ClC(Cl)(Cl)Cl,100,"373,15",1,"0,38"
716,*CCO*,chlorobenzene,ClC1=CC=CC=C1,100,"373,15",1,"-0,04"
717,*CCO*,1-chlorobutane,CCCCCl,100,"373,15",1,"0,57"
718,*CCO*,chloroform,ClC(Cl)Cl,100,"373,15",1,"-0,55"
719,*CCO*,chloromethane,CCl,100,"373,15",1,"0,12"
720,*CCO*,1-chloropentane,CCCCCCl,100,"373,15",1,"0,63"
721,*CCO*,cycloheptane,C1CCCCCC1,100,"373,15",1,"1,23"
722,*CCO*,cyclohexane,C1CCCCC1,100,"373,15",1,"1,23"
723,*CCO*,cyclohexene,C1=CCCCC1,100,"373,15",1,"0,85"
724,*CCO*,cyclooctane,C1CCCCCCC1,100,"373,15",1,"1,26"
725,*CCO*,cyclopentane,C1CCCC1,100,"373,15",1,"1,12"
726,*CCO*,n-decane,CCCCCCCCCC,100,"373,15",1,"2,1"
727,*CCO*,"1,1-dichloroethane",CC(Cl)Cl,100,"373,15",1,"-0,04"
728,*CCO*,"1,2-dichloroethane",ClCCCl,100,"373,15",1,"-0,31"
729,*CCO*,dichloromethane,ClCCl,100,"373,15",1,"-0,51"
730,*CCO*,"1,4-dioxane",C1COCCO1,100,"373,15",1,"0,2"
731,*CCO*,ethanol,CCO,100,"373,15",1,"0,7"
732,*CCO*,ethyl acetate,CCOC(C)=O,100,"373,15",1,"0,39"
733,*CCO*,ethylbenzene,CCC1=CC=CC=C1,100,"373,15",1,"0,4"
734,*CCO*,n-heptane,CCCCCCC,100,"373,15",1,"1,75"
735,*CCO*,n-hexane,CCCCCC,100,"373,15",1,"1,7"
736,*CCO*,methyl acetate,COC(C)=O,100,"373,15",1,"0,36"
737,*CCO*,n-nonane,CCCCCCCCC,100,"373,15",1,"1,97"
738,*CCO*,n-octane,CCCCCCCC,100,"373,15",1,"1,85"
739,*CCO*,n-pentane,CCCCC,100,"373,15",1,"1,66"
740,*CCO*,1-pentanol,CCCCCO,100,"373,15",1,"0,34"
741,*CCO*,propane,CCC,100,"373,15",1,"2,17"
742,*CCO*,1-propanol,CCCO,100,"373,15",1,"0,47"
743,*CCO*,n-propyl acetate,CCCOC(C)=O,100,"373,15",1,"0,43"
744,*CCO*,tetrahydrofuran,C1CCOC1,100,"373,15",1,"0,3"
745,*CCO*,"1,1,1-trichloroethane",CC(Cl)(Cl)Cl,100,"373,15",1,"0,2"
746,*CCO*,trichloroethylene,ClC=C(Cl)Cl,100,"373,15",1,"0,08"
747,*CCO*,toluene,CC1=CC=CC=C1,100,"373,15",1,"0,26"
748,*CCO*,n-undecane,CCCCCCCCCCC,100,"373,15",1,"2,22"
749,*OCCOC(=O)CCC(=O)*,acetone,CC(C)=O,120,"393,15",1,"0,61"
750,*OCCOC(=O)CCC(=O)*,benzene,C1=CC=CC=C1,120,"393,15",1,"0,79"
751,*OCCOC(=O)CCC(=O)*,2-butanone,CCC(=O)C,120,"393,15",1,"0,69"
752,*OCCOC(=O)CCC(=O)*,carbon tetrachloride,ClC(Cl)(Cl)Cl,120,"393,15",1,"1,32"
753,*OCCOC(=O)CCC(=O)*,chloroform,ClC(Cl)Cl,120,"393,15",1,"0,49"
754,*OCCOC(=O)CCC(=O)*,dichloromethane,ClCCl,120,"393,15",1,"1,09"
755,*OCCOC(=O)CCC(=O)*,ethyl acetate,CCOC(C)=O,120,"393,15",1,"0,7"
756,*OCCOC(=O)CCC(=O)*,n-heptane,CCCCCCC,120,"393,15",1,"1,9"
757,*OCCOC(=O)CCC(=O)*,n-hexane,CCCCCC,120,"393,15",1,"1,9"
758,*OCCOC(=O)CCC(=O)*,n-pentane,CCCCC,120,"393,15",1,"2,6"
759,*OCCCCCCOC(=O)CCCCCCCCC(=O)*,acetone,CC(C)=O,120,"393,15",1,"0,82"
760,*OCCCCCCOC(=O)CCCCCCCCC(=O)*,benzene,C1=CC=CC=C1,120,"393,15",1,"0,21"
761,*OCCCCCCOC(=O)CCCCCCCCC(=O)*,2-butanone,CCC(=O)C,120,"393,15",1,"0,58"
762,*OCCCCCCOC(=O)CCCCCCCCC(=O)*,carbon tetrachloride,ClC(Cl)(Cl)Cl,120,"393,15",1,"0,37"
763,*OCCCCCCOC(=O)CCCCCCCCC(=O)*,chloroform,ClC(Cl)Cl,120,"393,15",1,"0,06"
764,*OCCCCCCOC(=O)CCCCCCCCC(=O)*,dichloromethane,ClCCl,120,"393,15",1,"0,81"
765,*OCCCCCCOC(=O)CCCCCCCCC(=O)*,ethyl acetate,CCOC(C)=O,120,"393,15",1,"0,57"
766,*OCCCCCCOC(=O)CCCCCCCCC(=O)*,n-heptane,CCCCCCC,120,"393,15",1,1
767,*OCCCCCCOC(=O)CCCCCCCCC(=O)*,n-hexane,CCCCCC,120,"393,15",1,"1,2"
768,*OCCCCCCOC(=O)CCCCCCCCC(=O)*,n-pentane,CCCCC,120,"393,15",1,"1,1"
769,*CC(C)(C(=O)OCCO)*,di(ethylene glycol),OCCOCCO,25,"298,15",0,"0,49"
770,*CC(C)(C(=O)OCCO)*,di(ethylene glycol),OCCOCCO,25,"298,15","0,35","0,4"
771,*CC(c1ccc(O)cc1)*,acetone,CC(C)=O,170,"443,15",1,"0,25"
772,*CC(c1ccc(O)cc1)*,acetone,CC(C)=O,190,"463,15",1,"0,58"
773,*CC(c1ccc(O)cc1)*,2-butanone,CCC(=O)C,170,"443,15",1,"0,52"
774,*CC(c1ccc(O)cc1)*,2-butanone,CCC(=O)C,190,"463,15",1,"0,62"
775,*CC(c1ccc(O)cc1)*,n-butyl acetate,CCCCOC(C)=O,170,"443,15",1,"1,47"
776,*CC(c1ccc(O)cc1)*,n-butyl acetate,CCCCOC(C)=O,190,"463,15",1,"1,2"
777,*CC(c1ccc(O)cc1)*,chlorobenzene,ClC1=CC=CC=C1,190,"463,15",1,"1,99"
778,*CC(c1ccc(O)cc1)*,"1,4-dioxane",C1COCCO1,190,"463,15",1,"-0,03"
779,*CC(c1ccc(O)cc1)*,ethyl acetate,CCOC(C)=O,170,"443,15",1,"1,06"
780,*CC(c1ccc(O)cc1)*,ethyl acetate,CCOC(C)=O,190,"463,15",1,"1,07"
781,*CC(c1ccc(O)cc1)*,2-methyl-1-propanol,CC(C)CO,190,"463,15",1,"1,1"
782,*CC(c1ccc(O)cc1)*,3-pentanone,CCC(=O)CC,170,"443,15",1,"1,08"
783,*CC(c1ccc(O)cc1)*,3-pentanone,CCC(=O)CC,190,"463,15",1,"0,76"
784,*CC(c1ccc(O)cc1)*,1-propanol,CCCO,190,"463,15",1,"1,01"
785,*CC(c1ccc(O)cc1)*,2-propanol,CC(C)O,170,"443,15",1,"0,96"
786,*CC(c1ccc(O)cc1)*,2-propanol,CC(C)O,190,"463,15",1,"0,84"
787,*CC(c1ccc(O)cc1)*,n-propyl acetate,CCCOC(C)=O,170,"443,15",1,"1,22"
788,*CC(c1ccc(O)cc1)*,n-propyl acetate,CCCOC(C)=O,190,"463,15",1,"1,1"
789,*CC(c1ccc(O)cc1)*,tetrahydrofuran,C1CCOC1,170,"443,15",1,"0,21"
790,*CC(c1ccc(O)cc1)*,tetrahydrofuran,C1CCOC1,190,"463,15",1,"0,27"
791,*CC(c1ccc(O)cc1)*,toluene,CC1=CC=CC=C1,170,"443,15",1,"2,2"
792,*CC(c1ccc(O)cc1)*,toluene,CC1=CC=CC=C1,190,"463,15",1,"2,22"
793,*CC(C)(C)*,acetone,CC(C)=O,100,"373,15",1,"1,9"
794,*CC(C)(C)*,benzene,C1=CC=CC=C1,10,"283,15","0,4","0,67"
795,*CC(C)(C)*,benzene,C1=CC=CC=C1,10,"283,15","0,8","0,92"
796,*CC(C)(C)*,benzene,C1=CC=CC=C1,25,"298,15",0,"0,498"
797,*CC(C)(C)*,benzene,C1=CC=CC=C1,25,"298,15",1,"1,06"
798,*CC(C)(C)*,benzene,C1=CC=CC=C1,25,"298,15",1,"0,88"
799,*CC(C)(C)*,benzene,C1=CC=CC=C1,65,"338,15",1,"0,61"
800,*CC(C)(C)*,benzene,C1=CC=CC=C1,27,"300,15","0,6","0,73"
801,*CC(C)(C)*,benzene,C1=CC=CC=C1,27,"300,15",1,"1,07"
802,*CC(C)(C)*,benzene,C1=CC=CC=C1,30,"303,15",0,"0,495"
803,*CC(C)(C)*,benzene,C1=CC=CC=C1,40,"313,15","0,6","0,7"
804,*CC(C)(C)*,benzene,C1=CC=CC=C1,40,"313,15","0,8","0,8"
805,*CC(C)(C)*,benzene,C1=CC=CC=C1,50,"323,15",0,"0,485"
806,*CC(C)(C)*,benzene,C1=CC=CC=C1,50,"323,15","0,2","0,583"
807,*CC(C)(C)*,benzene,C1=CC=CC=C1,100,"373,15",1,"0,7"
808,*CC(C)(C)*,benzene,C1=CC=CC=C1,37,"310,15",1,"1,18"
809,*CC(C)(C)*,benzene,C1=CC=CC=C1,200,"473,15",1,"0,7"
810,*CC(C)(C)*,n-butane,CCCC,25,"298,15",1,"0,66"
811,*CC(C)(C)*,n-butane,CCCC,46,"319,15",1,"0,66"
812,*CC(C)(C)*,n-butane,CCCC,100,"373,15",1,"0,65"
813,*CC(C)(C)*,1-butanol,CCCCO,100,"373,15",1,"2,45"
814,*CC(C)(C)*,2-butanone,CCC(=O)C,100,"373,15",1,"1,55"
815,*CC(C)(C)*,n-butyl acetate,CCCCOC(C)=O,100,"373,15",1,"1,06"
816,*CC(C)(C)*,carbon tetrachloride,ClC(Cl)(Cl)Cl,100,"373,15",1,"0,48"
817,*CC(C)(C)*,carbon tetrachloride,ClC(Cl)(Cl)Cl,"23,5","296,65","0,76","0,54"
818,*CC(C)(C)*,carbon tetrachloride,ClC(Cl)(Cl)Cl,"23,5","296,65","0,87","0,54"
819,*CC(C)(C)*,chlorobenzene,ClC1=CC=CC=C1,100,"373,15",1,"0,7"
820,*CC(C)(C)*,1-chlorobutane,CCCCCl,100,"373,15",1,"0,68"
821,*CC(C)(C)*,chloroform,ClC(Cl)Cl,100,"373,15",1,"0,78"
822,*CC(C)(C)*,chloroform,ClC(Cl)Cl,"23,5","296,65","0,82","0,67"
823,*CC(C)(C)*,chloroform,ClC(Cl)Cl,"23,5","296,65","0,91","0,67"
824,*CC(C)(C)*,chloromethane,CCl,100,"373,15",1,"0,91"
825,*CC(C)(C)*,1-chloropentane,CCCCCCl,100,"373,15",1,"0,59"
826,*CC(C)(C)*,cycloheptane,C1CCCCCC1,100,"373,15",1,"0,29"
827,*CC(C)(C)*,cyclohexane,C1CCCCC1,8,"281,15","0,2","0,437"
828,*CC(C)(C)*,cyclohexane,C1CCCCC1,25,"298,15",0,"0,43"
829,*CC(C)(C)*,cyclohexane,C1CCCCC1,25,"298,15",1,"0,43"
830,*CC(C)(C)*,cyclohexane,C1CCCCC1,25,"298,15",1,"0,55"
831,*CC(C)(C)*,cyclohexane,C1CCCCC1,65,"338,15",1,"0,4"
832,*CC(C)(C)*,cyclohexane,C1CCCCC1,30,"303,15",0,"0,44"
833,*CC(C)(C)*,cyclohexane,C1CCCCC1,30,"303,15","0,2","0,44"
834,*CC(C)(C)*,cyclohexane,C1CCCCC1,100,"373,15",1,"0,39"
835,*CC(C)(C)*,cyclohexane,C1CCCCC1,"23,5","296,65","0,75","0,38"
836,*CC(C)(C)*,cyclohexane,C1CCCCC1,"23,5","296,65","0,86","0,38"
837,*CC(C)(C)*,cyclohexene,C1=CCCCC1,100,"373,15",1,"0,4"
838,*CC(C)(C)*,cyclooctane,C1CCCCCCC1,100,"373,15",1,"0,24"
839,*CC(C)(C)*,cyclopentane,C1CCCC1,100,"373,15",1,"0,41"
840,*CC(C)(C)*,cyclopentane,C1CCCC1,"23,5","296,65","0,79","0,32"
841,*CC(C)(C)*,cyclopentane,C1CCCC1,"23,5","296,65","0,86","0,27"
842,*CC(C)(C)*,n-decane,CCCCCCCCCC,100,"373,15",1,"0,48"
843,*CC(C)(C)*,"1,1-dichloroethane",CC(Cl)Cl,100,"373,15",1,"0,87"
844,*CC(C)(C)*,"1,2-dichloroethane",ClCCCl,100,"373,15",1,"1,13"
845,*CC(C)(C)*,dichloromethane,ClCCl,100,"373,15",1,1
846,*CC(C)(C)*,"2,2-dimethylbutane",CC(C)(C)CC,"23,5","296,65","0,71","0,49"
847,*CC(C)(C)*,"2,2-dimethylbutane",CC(C)(C)CC,"23,5","296,65","0,85","0,46"
848,*CC(C)(C)*,"2,2-dimethylpropane",CC(C)(C)C,25,"298,15",1,"0,82"
849,*CC(C)(C)*,"2,2-dimethylpropane",CC(C)(C)C,46,"319,15",1,"0,87"
850,*CC(C)(C)*,"2,2-dimethylpropane",CC(C)(C)C,35,"308,15","0,8","0,82"
851,*CC(C)(C)*,"1,4-dioxane",C1COCCO1,100,"373,15",1,"1,26"
852,*CC(C)(C)*,ethanol,CCO,100,"373,15",1,"3,3"
853,*CC(C)(C)*,ethyl acetate,CCOC(C)=O,100,"373,15",1,"1,35"
854,*CC(C)(C)*,ethylbenzene,CCC1=CC=CC=C1,100,"373,15",1,"0,59"
855,*CC(C)(C)*,n-heptane,CCCCCCC,25,"298,15",1,"0,57"
856,*CC(C)(C)*,n-heptane,CCCCCCC,65,"338,15",1,"0,47"
857,*CC(C)(C)*,n-heptane,CCCCCCC,100,"373,15",1,"0,53"
858,*CC(C)(C)*,n-heptane,CCCCCCC,"23,5","296,65","0,8","0,51"
859,*CC(C)(C)*,n-heptane,CCCCCCC,"23,5","296,65","0,87","0,51"
860,*CC(C)(C)*,n-hexane,CCCCCC,25,"298,15",1,"0,65"
861,*CC(C)(C)*,n-hexane,CCCCCC,65,"338,15",1,"0,5"
862,*CC(C)(C)*,n-hexane,CCCCCC,100,"373,15",1,"0,56"
863,*CC(C)(C)*,methyl acetate,COC(C)=O,100,"373,15",1,"1,55"
864,*CC(C)(C)*,2-methylbutane,CCC(C)C,25,"298,15","0,8","0,65"
865,*CC(C)(C)*,2-methylbutane,CCC(C)C,35,"308,15","0,8","0,65"
866,*CC(C)(C)*,2-methylbutane,CCC(C)C,35,"308,15",1,"0,65"
867,*CC(C)(C)*,2-methylbutane,CCC(C)C,46,"319,15",1,"0,68"
868,*CC(C)(C)*,2-methylpropane,CC(C)C,25,"298,15",1,"0,78"
869,*CC(C)(C)*,2-methylpropane,CC(C)C,46,"319,15",1,"0,7"
870,*CC(C)(C)*,n-nonane,CCCCCCCCC,25,"298,15",1,"0,49"
871,*CC(C)(C)*,n-nonane,CCCCCCCCC,100,"373,15",1,"0,49"
872,*CC(C)(C)*,n-octane,CCCCCCCC,25,"298,15","0,2","0,44"
873,*CC(C)(C)*,n-octane,CCCCCCCC,25,"298,15","0,4","0,48"
874,*CC(C)(C)*,n-octane,CCCCCCCC,25,"298,15",1,"0,52"
875,*CC(C)(C)*,n-octane,CCCCCCCC,65,"338,15",1,"0,43"
876,*CC(C)(C)*,n-octane,CCCCCCCC,100,"373,15",1,"0,5"
877,*CC(C)(C)*,n-pentane,CCCCC,25,"298,15",0,"0,48"
878,*CC(C)(C)*,n-pentane,CCCCC,25,"298,15",1,"0,75"
879,*CC(C)(C)*,n-pentane,CCCCC,35,"308,15","0,4","0,62"
880,*CC(C)(C)*,n-pentane,CCCCC,35,"308,15",1,"0,62"
881,*CC(C)(C)*,n-pentane,CCCCC,40,"313,15",0,"0,49"
882,*CC(C)(C)*,n-pentane,CCCCC,40,"313,15","0,4","0,57"
883,*CC(C)(C)*,n-pentane,CCCCC,40,"313,15",1,"0,61"
884,*CC(C)(C)*,n-pentane,CCCCC,65,"338,15",1,"0,57"
885,*CC(C)(C)*,n-pentane,CCCCC,55,"328,15","0,6","0,63"
886,*CC(C)(C)*,n-pentane,CCCCC,55,"328,15","0,8","0,63"
887,*CC(C)(C)*,n-pentane,CCCCC,100,"373,15",1,"0,6"
888,*CC(C)(C)*,1-pentanol,CCCCCO,100,"373,15",1,"2,2"
889,*CC(C)(C)*,propane,CCC,35,"308,15",1,"0,61"
890,*CC(C)(C)*,propane,CCC,100,"373,15",1,"0,79"
891,*CC(C)(C)*,n-propyl acetate,CCCOC(C)=O,100,"373,15",1,"1,19"
892,*CC(C)(C)*,tetrahydrofuran,C1CCOC1,100,"373,15",1,"0,68"
893,*CC(C)(C)*,toluene,CC1=CC=CC=C1,100,"373,15",1,"0,6"
894,*CC(C)(C)*,"1,1,1-trichloroethane",CC(Cl)(Cl)Cl,100,"373,15",1,"0,56"
895,*CC(C)(C)*,trichloroethylene,ClC=C(Cl)Cl,100,"373,15",1,"0,54"
896,*CC(C)(C)*,"2,2,4-trimethylpentane",CC(C)CC(C)(C)C,"23,5","296,65","0,67","0,5"
897,*CC(C)(C)*,"2,2,4-trimethylpentane",CC(C)CC(C)(C)C,"23,5","296,65","0,87","0,45"
898,*CC(C)(C)*,n-undecane,CCCCCCCCCCC,100,"373,15",1,"0,48"
899,*C/C(C)=C\C*,acetone,CC(C)=O,0,"273,15",1,"2,1"
900,*C/C(C)=C\C*,acetone,CC(C)=O,25,"298,15","0,8","1,27"
901,*C/C(C)=C\C*,acetone,CC(C)=O,25,"298,15",1,"1,8"
902,*C/C(C)=C\C*,benzene,C1=CC=CC=C1,10,"283,15","0,6","0,42"
903,*C/C(C)=C\C*,benzene,C1=CC=CC=C1,10,"283,15","0,8","0,42"
904,*C/C(C)=C\C*,benzene,C1=CC=CC=C1,25,"298,15",0,"0,4"
905,*C/C(C)=C\C*,benzene,C1=CC=CC=C1,25,"298,15",1,"0,43"
906,*C/C(C)=C\C*,benzene,C1=CC=CC=C1,25,"298,15",1,"0,46"
907,*C/C(C)=C\C*,benzene,C1=CC=CC=C1,55,"328,15",1,"0,43"
908,*C/C(C)=C\C*,benzene,C1=CC=CC=C1,40,"313,15","0,8","0,41"
909,*C/C(C)=C\C*,benzene,C1=CC=CC=C1,"23,5","296,65","0,69","0,33"
910,*C/C(C)=C\C*,benzene,C1=CC=CC=C1,"23,5","296,65","0,86","0,28"
911,*C/C(C)=C\C*,2-butanone,CCC(=O)C,25,"298,15","0,6","0,86"
912,*C/C(C)=C\C*,2-butanone,CCC(=O)C,25,"298,15",1,"1,43"
913,*C/C(C)=C\C*,2-butanone,CCC(=O)C,45,"318,15","0,6","0,83"
914,*C/C(C)=C\C*,2-butanone,CCC(=O)C,45,"318,15",1,"1,2"
915,*C/C(C)=C\C*,carbon tetrachloride,ClC(Cl)(Cl)Cl,"23,5","296,65","0,69","0,14"
916,*C/C(C)=C\C*,carbon tetrachloride,ClC(Cl)(Cl)Cl,"23,5","296,65","0,84","0,02"
917,*C/C(C)=C\C*,chloroform,ClC(Cl)Cl,"23,5","296,65","0,66","0,19"
918,*C/C(C)=C\C*,chloroform,ClC(Cl)Cl,"23,5","296,65","0,85","-0,01"
919,*C/C(C)=C\C*,cyclohexane,C1CCCCC1,20,"293,15",0,"0,31"
920,*C/C(C)=C\C*,cyclohexane,C1CCCCC1,20,"293,15","0,2","0,31"
921,*C/C(C)=C\C*,cyclohexane,C1CCCCC1,"23,5","296,65","0,64","0,29"
922,*C/C(C)=C\C*,cyclohexane,C1CCCCC1,"23,5","296,65","0,84","0,21"
923,*C/C(C)=C\C*,dichloromethane,ClCCl,"23,5","296,65","0,69","0,54"
924,*C/C(C)=C\C*,dichloromethane,ClCCl,"23,5","296,65","0,89","0,41"
925,*C/C(C)=C\C*,ethyl acetate,CCOC(C)=O,25,"298,15","0,4","0,69"
926,*C/C(C)=C\C*,ethyl acetate,CCOC(C)=O,25,"298,15",1,"1,24"
927,*C/C(C)=C\C*,ethyl acetate,CCOC(C)=O,50,"323,15","0,4","0,68"
928,*C/C(C)=C\C*,ethyl acetate,CCOC(C)=O,50,"323,15",1,1
929,*C/C(C)=C\C*,ethylbenzene,CCC1=CC=CC=C1,25,"298,15",1,"0,34"
930,*C/C(C)=C\C*,ethylbenzene,CCC1=CC=CC=C1,55,"328,15",1,"0,3"
931,*C/C(C)=C\C*,n-heptane,CCCCCCC,25,"298,15",1,"0,5"
932,*C/C(C)=C\C*,n-heptane,CCCCCCC,55,"328,15",1,"0,5"
933,*C/C(C)=C\C*,n-heptane,CCCCCCC,"23,5","296,65","0,68","0,37"
934,*C/C(C)=C\C*,n-heptane,CCCCCCC,"23,5","296,65","0,84","0,29"
935,*C/C(C)=C\C*,n-hexane,CCCCCC,25,"298,15",1,"0,54"
936,*C/C(C)=C\C*,n-hexane,CCCCCC,55,"328,15",1,"0,5"
937,*C/C(C)=C\C*,2-methylheptane,CC(C)CCCCC,25,"298,15",1,"0,5"
938,*C/C(C)=C\C*,2-methylheptane,CC(C)CCCCC,55,"328,15",1,"0,47"
939,*C/C(C)=C\C*,2-methylhexane,CC(C)CCCC,25,"298,15",1,"0,51"
940,*C/C(C)=C\C*,2-methylhexane,CC(C)CCCC,55,"328,15",1,"0,51"
941,*C/C(C)=C\C*,2-methylpentane,CC(C)CCC,25,"298,15",1,"0,56"
942,*C/C(C)=C\C*,2-methylpentane,CC(C)CCC,55,"328,15",1,"0,52"
943,*C/C(C)=C\C*,n-octane,CCCCCCCC,25,"298,15",1,"0,49"
944,*C/C(C)=C\C*,n-octane,CCCCCCCC,55,"328,15",1,"0,46"
945,*C/C(C)=C\C*,n-pentane,CCCCC,25,"298,15",1,"0,61"
946,*C/C(C)=C\C*,n-pentane,CCCCC,55,"328,15",1,"0,53"
947,*C/C(C)=C\C*,toluene,CC1=CC=CC=C1,25,"298,15",1,"0,36"
948,*C/C(C)=C\C*,toluene,CC1=CC=CC=C1,55,"328,15",1,"0,32"
949,*C/C(C)=C\C*,"2,2,4-trimethylpentane",CC(C)CC(C)(C)C,25,"298,15",1,"0,49"
950,*C/C(C)=C\C*,"2,2,4-trimethylpentane",CC(C)CC(C)(C)C,55,"328,15",1,"0,46"
951,*C/C(C)=C\C*,p-xylene,CC1=CC=C(C)C=C1,25,"298,15",1,"0,27"
952,*C/C(C)=C\C*,p-xylene,CC1=CC=C(C)C=C1,55,"328,15",1,"0,27"
953,*CC(C(=O)NC(C)C)*,ethanol,CCO,10,"283,15","0,09","0,46"
954,*CC(C(=O)NC(C)C)*,ethanol,CCO,60,"333,15","0,09","0,47"
955,*CC(C(=O)NC(C)C)*,water,O,3,"276,15","0,07","0,49"
956,*CC(C(=O)NC(C)C)*,water,O,30,"303,15","0,14","0,55"
957,*CC(C(=O)NC(C)C)*,water,O,60,"333,15","0,74","1,08"
958,*OC(C)C(=O)*,acetone,CC(C)=O,120,"393,15",1,"0,56"
959,*OC(C)C(=O)*,benzene,C1=CC=CC=C1,120,"393,15",1,"0,52"
960,*OC(C)C(=O)*,2-butanone,CCC(=O)C,120,"393,15",1,"0,53"
961,*OC(C)C(=O)*,carbon tetrachloride,ClC(Cl)(Cl)Cl,120,"393,15",1,"0,89"
962,*OC(C)C(=O)*,chloroform,ClC(Cl)Cl,120,"393,15",1,"0,32"
963,*OC(C)C(=O)*,dichloromethane,ClCCl,120,"393,15",1,"0,99"
964,*OC(C)C(=O)*,ethyl acetate,CCOC(C)=O,120,"393,15",1,"0,46"
965,*OC(C)C(=O)*,n-heptane,CCCCCCC,120,"393,15",1,2
966,*OC(C)C(=O)*,n-hexane,CCCCCC,120,"393,15",1,2
967,*OC(C)C(=O)*,n-pentane,CCCCC,120,"393,15",1,"1,6"
968,*CC(C)(C(=O)N)*,water,O,23,"296,15",0,"0,5"
969,*CC(C)(C(=O)N)*,water,O,56,"329,15",0,"0,499"
972,*CC(C(=O)OC)*,acetone,CC(C)=O,100,"373,15",1,"0,4"
973,*CC(C(=O)OC)*,benzene,C1=CC=CC=C1,90,"363,15",1,"0,51"
974,*CC(C(=O)OC)*,benzene,C1=CC=CC=C1,110,"383,15",1,"0,37"
975,*CC(C(=O)OC)*,n-butane,CCCC,100,"373,15",1,"1,86"
976,*CC(C(=O)OC)*,1-butanol,CCCCO,100,"373,15",1,"0,79"
977,*CC(C(=O)OC)*,2-butanone,CCC(=O)C,100,"373,15",1,"0,4"
978,*CC(C(=O)OC)*,n-butyl acetate,CCCCOC(C)=O,100,"373,15",1,"0,58"
979,*CC(C(=O)OC)*,butylbenzene,CCCCC1=CC=CC=C1,90,"363,15",1,"1,14"
980,*CC(C(=O)OC)*,butylbenzene,CCCCC1=CC=CC=C1,110,"383,15",1,"1,05"
981,*CC(C(=O)OC)*,tert-butylbenzene,CC(C)(C)C1=CC=CC=C1,90,"363,15",1,"1,03"
982,*CC(C(=O)OC)*,tert-butylbenzene,CC(C)(C)C1=CC=CC=C1,110,"383,15",1,"0,95"
983,*CC(C(=O)OC)*,butylcyclohexane,CCCCC1CCCCC1,90,"363,15",1,"2,3"
984,*CC(C(=O)OC)*,butylcyclohexane,CCCCC1CCCCC1,110,"383,15",1,"2,1"
985,*CC(C(=O)OC)*,carbon tetrachloride,ClC(Cl)(Cl)Cl,100,"373,15",1,"0,68"
986,*CC(C(=O)OC)*,chlorobenzene,ClC1=CC=CC=C1,100,"373,15",1,"0,31"
987,*CC(C(=O)OC)*,1-chlorobutane,CCCCCl,100,"373,15",1,"0,74"
988,*CC(C(=O)OC)*,chloroform,ClC(Cl)Cl,100,"373,15",1,"-0,1"
989,*CC(C(=O)OC)*,chloromethane,CCl,100,"373,15",1,"0,34"
990,*CC(C(=O)OC)*,1-chloropentane,CCCCCCl,100,"373,15",1,"0,84"
991,*CC(C(=O)OC)*,cycloheptane,C1CCCCCC1,100,"373,15",1,"1,56"
992,*CC(C(=O)OC)*,cyclohexane,C1CCCCC1,90,"363,15",1,"1,7"
993,*CC(C(=O)OC)*,cyclohexane,C1CCCCC1,110,"383,15",1,"1,5"
994,*CC(C(=O)OC)*,cyclohexene,C1=CCCCC1,100,"373,15",1,"1,31"
995,*CC(C(=O)OC)*,cyclooctane,C1CCCCCCC1,100,"373,15",1,"1,61"
996,*CC(C(=O)OC)*,cyclopentane,C1CCCC1,100,"373,15",1,"1,47"
997,*CC(C(=O)OC)*,cis-decahydronaphthalene,C1CC[C@H]2CCCC[C@H]2C1,90,"363,15",1,"2,1"
998,*CC(C(=O)OC)*,cis-decahydronaphthalene,C1CC[C@H]2CCCC[C@H]2C1,110,"383,15",1,"1,8"
999,*CC(C(=O)OC)*,trans-decahydronaphthalene,C1CC[C@H]2CCCC[C@@H]2C1,90,"363,15",1,"2,1"
1000,*CC(C(=O)OC)*,trans-decahydronaphthalene,C1CC[C@H]2CCCC[C@@H]2C1,110,"383,15",1,"1,9"
1001,*CC(C(=O)OC)*,n-decane,CCCCCCCCCC,88,"361,15",1,"2,7"
1002,*CC(C(=O)OC)*,n-decane,CCCCCCCCCC,100,"373,15",1,"2,4"
1003,*CC(C(=O)OC)*,"1,1-dichloroethane",CC(Cl)Cl,100,"373,15",1,"0,2"
1004,*CC(C(=O)OC)*,"1,2-dichloroethane",ClCCCl,100,"373,15",1,"0,02"
1005,*CC(C(=O)OC)*,"1,2-dichloroethane",ClCCCl,100,"373,15",1,"-0,09"
1006,*CC(C(=O)OC)*,"1,4-dioxane",C1COCCO1,100,"373,15",1,"0,2"
1007,*CC(C(=O)OC)*,n-dodecane,CCCCCCCCCCCC,90,"363,15",1,3
1008,*CC(C(=O)OC)*,n-dodecane,CCCCCCCCCCCC,110,"383,15",1,"2,7"
1009,*CC(C(=O)OC)*,ethanol,CCO,100,"373,15",1,"1,01"
1010,*CC(C(=O)OC)*,ethyl acetate,CCOC(C)=O,100,"373,15",1,"0,43"
1011,*CC(C(=O)OC)*,ethylbenzene,CCC1=CC=CC=C1,90,"363,15",1,"0,83"
1012,*CC(C(=O)OC)*,ethylbenzene,CCC1=CC=CC=C1,110,"383,15",1,"0,67"
1013,*CC(C(=O)OC)*,n-heptane,CCCCCCC,100,"373,15",1,"2,1"
1014,*CC(C(=O)OC)*,n-hexane,CCCCCC,100,"373,15",1,"2,08"
1015,*CC(C(=O)OC)*,methyl acetate,COC(C)=O,100,"373,15",1,"0,38"
1016,*CC(C(=O)OC)*,naphthalene,C1=CC2=CC=CC=C2C=C1,100,"373,15",1,"0,48"
1017,*CC(C(=O)OC)*,naphthalene,C1=CC2=CC=CC=C2C=C1,110,"383,15",1,"0,48"
1018,*CC(C(=O)OC)*,n-nonane,CCCCCCCCC,100,"373,15",1,"2,4"
1019,*CC(C(=O)OC)*,n-octane,CCCCCCCC,90,"363,15",1,"2,4"
1020,*CC(C(=O)OC)*,n-octane,CCCCCCCC,100,"373,15",1,"2,2"
1021,*CC(C(=O)OC)*,n-pentane,CCCCC,100,"373,15",1,"1,92"
1022,*CC(C(=O)OC)*,1-pentanol,CCCCCO,100,"373,15",1,"0,76"
1023,*CC(C(=O)OC)*,propane,CCC,100,"373,15",1,"2,5"
1024,*CC(C(=O)OC)*,1-propanol,CCCO,100,"373,15",1,"0,82"
1025,*CC(C(=O)OC)*,n-propyl acetate,CCCOC(C)=O,100,"373,15",1,"0,49"
1026,*CC(C(=O)OC)*,n-tetradecane,CCCCCCCCCCCCCC,90,"363,15",1,"3,4"
1027,*CC(C(=O)OC)*,n-tetradecane,CCCCCCCCCCCCCC,110,"383,15",1,"3,1"
1028,*CC(C(=O)OC)*,tetrahydrofuran,C1CCOC1,100,"373,15",1,"0,34"
1029,*CC(C(=O)OC)*,"1,2,3,4-tetrahydronaphthalene",C1CCC2=CC=CC=C2C1,90,"363,15",1,"1,04"
1030,*CC(C(=O)OC)*,"1,2,3,4-tetrahydronaphthalene",C1CCC2=CC=CC=C2C1,110,"383,15",1,"0,95"
1031,*CC(C(=O)OC)*,"3,3,4,4-tetramethylhexane",CCC(C)(C)C(C)(C)CC,90,"363,15",1,"2,2"
1032,*CC(C(=O)OC)*,"3,3,4,4-tetramethylhexane",CCC(C)(C)C(C)(C)CC,110,"383,15",1,"1,9"
1033,*CC(C(=O)OC)*,toluene,CC1=CC=CC=C1,90,"363,15",1,"0,67"
1034,*CC(C(=O)OC)*,toluene,CC1=CC=CC=C1,110,"383,15",1,"0,62"
1035,*CC(C(=O)OC)*,toluene,CC1=CC=CC=C1,100,"373,15",1,"0,53"
1036,*CC(C(=O)OC)*,"1,1,1-trichloroethane",CC(Cl)(Cl)Cl,100,"373,15",1,"0,43"
1037,*CC(C(=O)OC)*,trichloroethylene,ClC=C(Cl)Cl,100,"373,15",1,"0,45"
1038,*CC(C(=O)OC)*,"3,4,5-trimethylheptane",CCC(C)C(C)C(C)CC,90,"363,15",1,"2,4"
1039,*CC(C(=O)OC)*,"3,4,5-trimethylheptane",CCC(C)C(C)C(C)CC,110,"383,15",1,"2,2"
1040,*CC(C(=O)OC)*,"2,2,5-trimethylhexane",CC(C)CCC(C)(C)C,90,"363,15",1,"2,5"
1041,*CC(C(=O)OC)*,"2,2,5-trimethylhexane",CC(C)CCC(C)(C)C,110,"383,15",1,"2,2"
1042,*CC(C(=O)OC)*,"2,2,4-trimethylpentane",CC(C)CC(C)(C)C,90,"363,15",1,"2,4"
1043,*CC(C(=O)OC)*,"2,2,4-trimethylpentane",CC(C)CC(C)(C)C,110,"383,15",1,"2,1"
1044,*CC(C(=O)OC)*,n-undecane,CCCCCCCCCCC,100,"373,15",1,"2,7"
1045,*CC(C)(C(=O)OC)*,acetone,CC(C)=O,25,"298,15",0,"0,48"
1046,*CC(C)(C(=O)OC)*,acetone,CC(C)=O,27,"300,15",0,"0,48"
1047,*CC(C)(C(=O)OC)*,benzene,C1=CC=CC=C1,16,"289,15",0,"0,47"
1048,*CC(C)(C(=O)OC)*,benzene,C1=CC=CC=C1,27,"300,15",0,"0,44"
1049,*CC(C)(C(=O)OC)*,n-butyl acetate,CCCCOC(C)=O,2,"275,15",0,"0,496"
1050,*CC(C)(C(=O)OC)*,n-butyl acetate,CCCCOC(C)=O,60,"333,15",0,"0,487"
1051,*CC(C)(C(=O)OC)*,1-chlorobutane,CCCCCl,14,"287,15",0,"0,515"
1052,*CC(C)(C(=O)OC)*,1-chlorobutane,CCCCCl,48,"321,15",0,"0,495"
1053,*CC(C)(C(=O)OC)*,chloroform,ClC(Cl)Cl,27,"300,15",0,"0,44"
1054,*CC(C)(C(=O)OC)*,"1,4-dioxane",C1COCCO1,27,"300,15",0,"0,42"
1055,*CC(C)(C(=O)OC)*,4-heptanone,CCCC(=O)CCC,16,"289,15",0,"0,515"
1056,*CC(C)(C(=O)OC)*,4-heptanone,CCCC(=O)CCC,62,"335,15",0,"0,49"
1057,*CC(C)(C(=O)OC)*,isoamyl acetate,CC(C)CCOC(C)=O,20,"293,15",0,"0,524"
1058,*CC(C)(C(=O)OC)*,isoamyl acetate,CC(C)CCOC(C)=O,60,"333,15",0,"0,499"
1059,*CC(C)(C(=O)OC)*,3-pentanone,CCC(=O)CC,27,"300,15",0,"0,49"
1060,*CC(C)(C(=O)OC)*,tetrahydrofuran,C1CCOC1,25,"298,15",0,"0,494"
1061,*CC(C)(C(=O)OC)*,tetrahydrofuran,C1CCOC1,27,"300,15",0,"0,46"
1062,*CC(C)(C(=O)OC)*,toluene,CC1=CC=CC=C1,27,"300,15",0,"0,45"
1063,*CC(C)(C(=O)OC)*,m-xylene,CC1=CC(C)=CC=C1,27,"300,15",0,"0,5"
1064,*CC(C)(c1ccccc1)*,toluene,CC1=CC=CC=C1,25,"298,15","0,3","0,48"
1065,*CC(C)(c1ccccc1)*,toluene,CC1=CC=CC=C1,25,"298,15","0,7","0,65"
1066,*CC(C)*,acetone,CC(C)=O,100,"373,15",1,"1,72"
1067,*CC(C)*,benzene,C1=CC=CC=C1,25,"298,15",0,"0,498"
1068,*CC(C)*,benzene,C1=CC=CC=C1,100,"373,15",1,"0,51"
1069,*CC(C)*,n-butane,CCCC,100,"373,15",1,"0,37"
1070,*CC(C)*,1-butanol,CCCCO,100,"373,15",1,"2,23"
1071,*CC(C)*,2-butanone,CCC(=O)C,100,"373,15",1,"1,36"
1072,*CC(C)*,n-butyl acetate,CCCCOC(C)=O,100,"373,15",1,"0,84"
1073,*CC(C)*,carbon tetrachloride,ClC(Cl)(Cl)Cl,100,"373,15",1,"0,29"
1074,*CC(C)*,chlorobenzene,ClC1=CC=CC=C1,100,"373,15",1,"0,54"
1075,*CC(C)*,1-chlorobutane,CCCCCl,100,"373,15",1,"0,48"
1076,*CC(C)*,chloroform,ClC(Cl)Cl,100,"373,15",1,"0,61"
1077,*CC(C)*,chloromethane,CCl,100,"373,15",1,"0,76"
1078,*CC(C)*,1-chloropentane,CCCCCCl,100,"373,15",1,"0,39"
1079,*CC(C)*,cycloheptane,C1CCCCCC1,100,"373,15",1,"0,1"
1080,*CC(C)*,cyclohexane,C1CCCCC1,25,"298,15",0,"0,42"
1081,*CC(C)*,cyclohexane,C1CCCCC1,100,"373,15",1,"0,17"
1082,*CC(C)*,cyclohexene,C1=CCCCC1,100,"373,15",1,"0,22"
1083,*CC(C)*,cyclooctane,C1CCCCCCC1,100,"373,15",1,"0,06"
1084,*CC(C)*,cyclopentane,C1CCCC1,100,"373,15",1,"0,21"
1085,*CC(C)*,"1,1-dichloroethane",CC(Cl)Cl,100,"373,15",1,"0,7"
1086,*CC(C)*,"1,2-dichloroethane",ClCCCl,100,"373,15",1,"0,97"
1087,*CC(C)*,dichloromethane,ClCCl,100,"373,15",1,"0,86"
1088,*CC(C)*,"1,4-dioxane",C1COCCO1,100,"373,15",1,"1,15"
1089,*CC(C)*,ethanol,CCO,100,"373,15",1,3
1090,*CC(C)*,ethyl acetate,CCOC(C)=O,100,"373,15",1,"1,14"
1091,*CC(C)*,ethylbenzene,CCC1=CC=CC=C1,100,"373,15",1,"0,4"
1092,*CC(C)*,n-decane,CCCCCCCCCC,100,"373,15",1,"0,18"
1093,*CC(C)*,n-heptane,CCCCCCC,100,"373,15",1,"0,24"
1094,*CC(C)*,n-hexane,CCCCCC,80,"353,15",1,"0,18"
1095,*CC(C)*,n-hexane,CCCCCC,100,"373,15",1,"0,28"
1096,*CC(C)*,methyl acetate,COC(C)=O,100,"373,15",1,"1,37"
1097,*CC(C)*,n-nonane,CCCCCCCCC,100,"373,15",1,"0,2"
1098,*CC(C)*,n-octane,CCCCCCCC,100,"373,15",1,"0,22"
1099,*CC(C)*,n-pentane,CCCCC,100,"373,15",1,"0,35"
1100,*CC(C)*,1-pentanol,CCCCCO,100,"373,15",1,"1,99"
1101,*CC(C)*,propane,CCC,100,"373,15",1,"0,46"
1102,*CC(C)*,n-propyl acetate,CCCOC(C)=O,100,"373,15",1,"0,96"
1103,*CC(C)*,tetrahydrofuran,C1CCOC1,100,"373,15",1,"0,55"
1104,*CC(C)*,toluene,CC1=CC=CC=C1,100,"373,15",1,"0,43"
1105,*CC(C)*,"1,1,1-trichloroethane",CC(Cl)(Cl)Cl,100,"373,15",1,"0,37"
1106,*CC(C)*,trichloroethylene,ClC=C(Cl)Cl,100,"373,15",1,"0,39"
1107,*CC(C)*,n-undecane,CCCCCCCCCCC,100,"373,15",1,"0,17"
1108,*CC(c1ccccc1)*,acetic acid,CC(O)=O,162,"435,15",1,3
1109,*CC(c1ccccc1)*,acetic acid,CC(O)=O,229,"502,15",1,"2,1"
1110,*CC(c1ccccc1)*,acetone,CC(C)=O,25,"298,15","0,6","0,81"
1111,*CC(c1ccccc1)*,acetone,CC(C)=O,25,"298,15",1,"1,1"
1112,*CC(c1ccccc1)*,acetone,CC(C)=O,40,"313,15",1,"1,08"
1113,*CC(c1ccccc1)*,acetone,CC(C)=O,50,"323,15","0,6","0,8"
1114,*CC(c1ccccc1)*,acetone,CC(C)=O,50,"323,15","0,8","0,92"
1115,*CC(c1ccccc1)*,acetone,CC(C)=O,162,"435,15",1,"1,3"
1116,*CC(c1ccccc1)*,acetone,CC(C)=O,229,"502,15",1,"0,56"
1117,*CC(c1ccccc1)*,acetonitrile,CC#N,162,"435,15",1,"2,02"
1118,*CC(c1ccccc1)*,acetonitrile,CC#N,229,"502,15",1,"0,93"
1119,*CC(c1ccccc1)*,aniline,NC1=CC=CC=C1,162,"435,15",1,"1,11"
1120,*CC(c1ccccc1)*,aniline,NC1=CC=CC=C1,229,"502,15",1,"0,68"
1121,*CC(c1ccccc1)*,benzaldehyde,O=CC1=CC=CC=C1,162,"435,15",1,"1,22"
1122,*CC(c1ccccc1)*,benzaldehyde,O=CC1=CC=CC=C1,229,"502,15",1,"0,8"
1123,*CC(c1ccccc1)*,benzene,C1=CC=CC=C1,15,"288,15","0,3","0,4"
1124,*CC(c1ccccc1)*,benzene,C1=CC=CC=C1,15,"288,15","0,8","0,26"
1125,*CC(c1ccccc1)*,benzene,C1=CC=CC=C1,25,"298,15",0,"0,455"
1126,*CC(c1ccccc1)*,benzene,C1=CC=CC=C1,30,"303,15",0,"0,43"
1127,*CC(c1ccccc1)*,benzene,C1=CC=CC=C1,30,"303,15","0,3","0,4"
1128,*CC(c1ccccc1)*,benzene,C1=CC=CC=C1,30,"303,15","0,8","0,26"
1129,*CC(c1ccccc1)*,benzene,C1=CC=CC=C1,40,"313,15",1,"0,26"
1130,*CC(c1ccccc1)*,benzene,C1=CC=CC=C1,45,"318,15","0,3","0,4"
1131,*CC(c1ccccc1)*,benzene,C1=CC=CC=C1,45,"318,15","0,8","0,26"
1132,*CC(c1ccccc1)*,benzene,C1=CC=CC=C1,60,"333,15","0,3","0,4"
1133,*CC(c1ccccc1)*,benzene,C1=CC=CC=C1,60,"333,15","0,8","0,26"
1134,*CC(c1ccccc1)*,benzene,C1=CC=CC=C1,120,"393,15",1,"0,32"
1135,*CC(c1ccccc1)*,benzene,C1=CC=CC=C1,200,"473,15",1,"0,39"
1136,*CC(c1ccccc1)*,benzene,C1=CC=CC=C1,160,"433,15",1,"0,29"
1137,*CC(c1ccccc1)*,benzene,C1=CC=CC=C1,180,"453,15",1,"0,24"
1138,*CC(c1ccccc1)*,benzene,C1=CC=CC=C1,162,"435,15",1,"0,66"
1139,*CC(c1ccccc1)*,benzene,C1=CC=CC=C1,229,"502,15",1,"0,13"
1140,*CC(c1ccccc1)*,benzene,C1=CC=CC=C1,"23,5","296,65","0,61","0,28"
1141,*CC(c1ccccc1)*,benzene,C1=CC=CC=C1,"23,5","296,65","0,79","0,17"
1142,*CC(c1ccccc1)*,benzyl alcohol,OCC1=CC=CC=C1,162,"435,15",1,"1,42"
1143,*CC(c1ccccc1)*,benzyl alcohol,OCC1=CC=CC=C1,229,"502,15",1,"0,65"
1144,*CC(c1ccccc1)*,1-butanol,CCCCO,162,"435,15",1,"1,47"
1145,*CC(c1ccccc1)*,1-butanol,CCCCO,229,"502,15",1,"0,82"
1146,*CC(c1ccccc1)*,2-butanone,CCC(=O)C,10,"283,15","0,2","0,547"
1147,*CC(c1ccccc1)*,2-butanone,CCC(=O)C,50,"323,15","0,2","0,542"
1148,*CC(c1ccccc1)*,2-butanone,CCC(=O)C,25,"298,15","0,4","0,63"
1149,*CC(c1ccccc1)*,2-butanone,CCC(=O)C,25,"298,15","0,8","0,77"
1150,*CC(c1ccccc1)*,2-butanone,CCC(=O)C,27,"300,15",0,"0,49"
1151,*CC(c1ccccc1)*,2-butanone,CCC(=O)C,52,"325,15",0,"0,474"
1152,*CC(c1ccccc1)*,2-butanone,CCC(=O)C,40,"313,15",1,"0,84"
1153,*CC(c1ccccc1)*,2-butanone,CCC(=O)C,70,"343,15","0,6","0,63"
1154,*CC(c1ccccc1)*,2-butanone,CCC(=O)C,70,"343,15","0,8","0,72"
1155,*CC(c1ccccc1)*,2-butanone,CCC(=O)C,162,"435,15",1,"1,16"
1156,*CC(c1ccccc1)*,2-butanone,CCC(=O)C,229,"502,15",1,"0,36"
1157,*CC(c1ccccc1)*,n-butyl acetate,CCCCOC(C)=O,30,"303,15",0,"0,466"
1158,*CC(c1ccccc1)*,n-butyl acetate,CCCCOC(C)=O,162,"435,15",1,"1,01"
1159,*CC(c1ccccc1)*,n-butyl acetate,CCCCOC(C)=O,229,"502,15",1,"0,45"
1160,*CC(c1ccccc1)*,tert-butyl acetate,CC(=O)OC(C)(C)C,22,"295,15",0,"0,501"
1161,*CC(c1ccccc1)*,tert-butyl acetate,CC(=O)OC(C)(C)C,64,"337,15",0,"0,494"
1162,*CC(c1ccccc1)*,tert-butyl acetate,CC(=O)OC(C)(C)C,64,"337,15",0,"0,494"
1163,*CC(c1ccccc1)*,tert-butyl acetate,CC(=O)OC(C)(C)C,111,"384,15",0,"0,501"
1164,*CC(c1ccccc1)*,tert-butyl acetate,CC(=O)OC(C)(C)C,30,"303,15","0,12","0,6"
1165,*CC(c1ccccc1)*,tert-butyl acetate,CC(=O)OC(C)(C)C,90,"363,15","0,32","0,59"
1166,*CC(c1ccccc1)*,tert-butyl acetate,CC(=O)OC(C)(C)C,143,"416,15",1,"0,39"
1167,*CC(c1ccccc1)*,tert-butyl acetate,CC(=O)OC(C)(C)C,183,"456,15",1,"0,1"
1168,*CC(c1ccccc1)*,butylbenzene,CCCCC1=CC=CC=C1,183,"456,15",1,"0,38"
1169,*CC(c1ccccc1)*,butylbenzene,CCCCC1=CC=CC=C1,203,"476,15",1,"0,34"
1170,*CC(c1ccccc1)*,butylcyclohexane,CCCCC1CCCCC1,160,"433,15",1,"0,77"
1171,*CC(c1ccccc1)*,butylcyclohexane,CCCCC1CCCCC1,180,"453,15",1,"0,71"
1172,*CC(c1ccccc1)*,carbon tetrachloride,ClC(Cl)(Cl)Cl,40,"313,15",1,"0,29"
1173,*CC(c1ccccc1)*,carbon tetrachloride,ClC(Cl)(Cl)Cl,162,"435,15",1,"0,9"
1174,*CC(c1ccccc1)*,carbon tetrachloride,ClC(Cl)(Cl)Cl,229,"502,15",1,"0,26"
1175,*CC(c1ccccc1)*,carbon tetrachloride,ClC(Cl)(Cl)Cl,"23,5","296,65","0,71","0,22"
1176,*CC(c1ccccc1)*,carbon tetrachloride,ClC(Cl)(Cl)Cl,"23,5","296,65","0,81","0,24"
1177,*CC(c1ccccc1)*,chlorobenzene,ClC1=CC=CC=C1,30,"303,15",0,"0,454"
1178,*CC(c1ccccc1)*,chlorobenzene,ClC1=CC=CC=C1,162,"435,15",1,"0,68"
1179,*CC(c1ccccc1)*,chlorobenzene,ClC1=CC=CC=C1,229,"502,15",1,"0,28"
1180,*CC(c1ccccc1)*,chlorobenzene,ClC1=CC=CC=C1,"137,6","410,75",1,"0,3"
1181,*CC(c1ccccc1)*,chloroform,ClC(Cl)Cl,25,"298,15","0,2","0,52"
1182,*CC(c1ccccc1)*,chloroform,ClC(Cl)Cl,25,"298,15","0,8","0,17"
1183,*CC(c1ccccc1)*,chloroform,ClC(Cl)Cl,40,"313,15",1,"0,13"
1184,*CC(c1ccccc1)*,chloroform,ClC(Cl)Cl,50,"323,15","0,2","0,45"
1185,*CC(c1ccccc1)*,chloroform,ClC(Cl)Cl,50,"323,15","0,8","0,14"
1186,*CC(c1ccccc1)*,chloroform,ClC(Cl)Cl,162,"435,15",1,"0,43"
1187,*CC(c1ccccc1)*,chloroform,ClC(Cl)Cl,229,"502,15",1,"-0,01"
1188,*CC(c1ccccc1)*,chloroform,ClC(Cl)Cl,"23,5","296,65","0,62","0,05"
1189,*CC(c1ccccc1)*,chloroform,ClC(Cl)Cl,"23,5","296,65","0,81","-0,15"
1190,*CC(c1ccccc1)*,cumene,CC(C)C1=CC=CC=C1,25,"298,15",0,"0,444"
1191,*CC(c1ccccc1)*,cyclohexane,C1CCCCC1,15,"288,15","0,5","0,77"
1192,*CC(c1ccccc1)*,cyclohexane,C1CCCCC1,24,"297,15",0,"0,508"
1193,*CC(c1ccccc1)*,cyclohexane,C1CCCCC1,24,"297,15","0,2","0,58"
1194,*CC(c1ccccc1)*,cyclohexane,C1CCCCC1,30,"303,15","0,3","0,62"
1195,*CC(c1ccccc1)*,cyclohexane,C1CCCCC1,34,"307,15",0,"0,5"
1196,*CC(c1ccccc1)*,cyclohexane,C1CCCCC1,34,"307,15","0,8","0,93"
1197,*CC(c1ccccc1)*,cyclohexane,C1CCCCC1,35,"308,15",0,"0,5"
1198,*CC(c1ccccc1)*,cyclohexane,C1CCCCC1,35,"308,15","0,3","0,57"
1199,*CC(c1ccccc1)*,cyclohexane,C1CCCCC1,40,"313,15",1,"0,64"
1200,*CC(c1ccccc1)*,cyclohexane,C1CCCCC1,44,"317,15",0,"0,494"
1201,*CC(c1ccccc1)*,cyclohexane,C1CCCCC1,44,"317,15","0,8","0,93"
1202,*CC(c1ccccc1)*,cyclohexane,C1CCCCC1,45,"318,15",0,"0,49"
1203,*CC(c1ccccc1)*,cyclohexane,C1CCCCC1,45,"318,15","0,3","0,56"
1204,*CC(c1ccccc1)*,cyclohexane,C1CCCCC1,49,"322,15",0,"0,495"
1205,*CC(c1ccccc1)*,cyclohexane,C1CCCCC1,60,"333,15",0,"0,486"
1206,*CC(c1ccccc1)*,cyclohexane,C1CCCCC1,50,"323,15","0,1","0,51"
1207,*CC(c1ccccc1)*,cyclohexane,C1CCCCC1,65,"338,15",0,"0,47"
1208,*CC(c1ccccc1)*,cyclohexane,C1CCCCC1,65,"338,15","0,3","0,54"
1209,*CC(c1ccccc1)*,cyclohexane,C1CCCCC1,160,"433,15",1,"0,62"
1210,*CC(c1ccccc1)*,cyclohexane,C1CCCCC1,180,"453,15",1,"0,53"
1211,*CC(c1ccccc1)*,cyclohexane,C1CCCCC1,162,"435,15",1,"1,11"
1212,*CC(c1ccccc1)*,cyclohexane,C1CCCCC1,229,"502,15",1,"0,46"
1213,*CC(c1ccccc1)*,cyclohexane,C1CCCCC1,"23,5","296,65","0,78","0,79"
1214,*CC(c1ccccc1)*,cyclohexane,C1CCCCC1,"23,5","296,65","0,84","0,81"
1215,*CC(c1ccccc1)*,cyclohexane,C1CCCCC1,30,"303,15",0,"0,52"
1216,*CC(c1ccccc1)*,cyclohexane,C1CCCCC1,50,"323,15",0,"0,39"
1217,*CC(c1ccccc1)*,cyclohexane,C1CCCCC1,35,"308,15","0,28","0,61"
1218,*CC(c1ccccc1)*,cyclohexane,C1CCCCC1,35,"308,15","0,94","1,08"
1219,*CC(c1ccccc1)*,cyclohexane,C1CCCCC1,65,"338,15","0,23","0,52"
1220,*CC(c1ccccc1)*,cyclohexane,C1CCCCC1,65,"338,15","0,92","0,69"
1221,*CC(c1ccccc1)*,cyclohexanone,O=C1CCCCC1,27,"300,15",0,"0,436"
1222,*CC(c1ccccc1)*,cyclohexanone,O=C1CCCCC1,57,"330,15",0,"0,436"
1223,*CC(c1ccccc1)*,cyclopentane,C1CCCC1,40,"313,15",1,"0,64"
1224,*CC(c1ccccc1)*,cis-decahydronaphthalene,C1CC[C@H]2CCCC[C@H]2C1,183,"456,15",1,"0,47"
1225,*CC(c1ccccc1)*,cis-decahydronaphthalene,C1CC[C@H]2CCCC[C@H]2C1,203,"476,15",1,"0,42"
1226,*CC(c1ccccc1)*,trans-decahydronaphthalene,C1CC[C@H]2CCCC[C@@H]2C1,183,"456,15",1,"0,52"
1227,*CC(c1ccccc1)*,trans-decahydronaphthalene,C1CC[C@H]2CCCC[C@@H]2C1,203,"476,15",1,"0,46"
1228,*CC(c1ccccc1)*,n-decane,CCCCCCCCCC,183,"456,15",1,"1,01"
1229,*CC(c1ccccc1)*,n-decane,CCCCCCCCCC,203,"476,15",1,"0,94"
1230,*CC(c1ccccc1)*,n-decane,CCCCCCCCCC,120,"393,15",1,"1,36"
1231,*CC(c1ccccc1)*,n-decane,CCCCCCCCCC,160,"433,15",1,"1,03"
1232,*CC(c1ccccc1)*,"1,2-dichloroethane",ClCCCl,162,"435,15",1,"0,85"
1233,*CC(c1ccccc1)*,"1,2-dichloroethane",ClCCCl,229,"502,15",1,"0,22"
1234,*CC(c1ccccc1)*,dichloromethane,ClCCl,40,"313,15",1,"0,34"
1235,*CC(c1ccccc1)*,dichloromethane,ClCCl,162,"435,15",1,"0,62"
1236,*CC(c1ccccc1)*,dichloromethane,ClCCl,229,"502,15",1,"-0,21"
1237,*CC(c1ccccc1)*,dichloromethane,ClCCl,"23,5","296,65","0,64","0,17"
1238,*CC(c1ccccc1)*,dichloromethane,ClCCl,"23,5","296,65","0,82","0,05"
1239,*CC(c1ccccc1)*,"1,4-dioxane",C1COCCO1,40,"313,15",1,"0,43"
1240,*CC(c1ccccc1)*,"1,4-dioxane",C1COCCO1,162,"435,15",1,"0,95"
1241,*CC(c1ccccc1)*,"1,4-dioxane",C1COCCO1,229,"502,15",1,"0,42"
1242,*CC(c1ccccc1)*,n-dodecane,CCCCCCCCCCCC,183,"456,15",1,"1,09"
1243,*CC(c1ccccc1)*,n-dodecane,CCCCCCCCCCCC,203,"476,15",1,1
1244,*CC(c1ccccc1)*,ethanol,CCO,162,"435,15",1,"1,8"
1245,*CC(c1ccccc1)*,ethanol,CCO,229,"502,15",1,"0,43"
1246,*CC(c1ccccc1)*,ethyl acetate,CCOC(C)=O,27,"300,15",0,"0,49"
1247,*CC(c1ccccc1)*,ethyl acetate,CCOC(C)=O,49,"322,15",0,"0,49"
1248,*CC(c1ccccc1)*,ethyl acetate,CCOC(C)=O,162,"435,15",1,"1,14"
1249,*CC(c1ccccc1)*,ethyl acetate,CCOC(C)=O,229,"502,15",1,"0,35"
1250,*CC(c1ccccc1)*,ethylbenzene,CCC1=CC=CC=C1,10,"283,15","0,2","0,44"
1251,*CC(c1ccccc1)*,ethylbenzene,CCC1=CC=CC=C1,60,"333,15","0,2","0,44"
1252,*CC(c1ccccc1)*,ethylbenzene,CCC1=CC=CC=C1,25,"298,15",0,"0,45"
1253,*CC(c1ccccc1)*,ethylbenzene,CCC1=CC=CC=C1,120,"393,15",1,"0,22"
1254,*CC(c1ccccc1)*,ethylbenzene,CCC1=CC=CC=C1,185,"458,15",1,"0,14"
1255,*CC(c1ccccc1)*,ethylene glycol,OCCO,162,"435,15",1,"3,8"
1256,*CC(c1ccccc1)*,ethylene glycol,OCCO,229,"502,15",1,"2,2"
1257,*CC(c1ccccc1)*,ethyl ether,CCOCC,162,"435,15",1,"0,78"
1258,*CC(c1ccccc1)*,ethyl ether,CCOCC,229,"502,15",1,"0,71"
1259,*CC(c1ccccc1)*,fluorobenzene,FC1=CC=CC=C1,40,"313,15",1,"0,37"
1260,*CC(c1ccccc1)*,formamide,NC=O,162,"435,15",1,"4,1"
1261,*CC(c1ccccc1)*,formamide,NC=O,229,"502,15",1,"3,2"
1262,*CC(c1ccccc1)*,n-heptane,CCCCCCC,40,"313,15",1,"0,95"
1263,*CC(c1ccccc1)*,n-heptane,CCCCCCC,162,"435,15",1,"1,33"
1264,*CC(c1ccccc1)*,n-heptane,CCCCCCC,229,"502,15",1,"0,25"
1265,*CC(c1ccccc1)*,n-hexane,CCCCCC,40,"313,15",1,"0,97"
1266,*CC(c1ccccc1)*,n-hexane,CCCCCC,162,"435,15",1,"1,35"
1267,*CC(c1ccccc1)*,n-hexane,CCCCCC,229,"502,15",1,"-0,03"
1268,*CC(c1ccccc1)*,n-hexadecane,CCCCCCCCCCCCCCCC,183,"456,15",1,"1,22"
1269,*CC(c1ccccc1)*,n-hexadecane,CCCCCCCCCCCCCCCC,203,"476,15",1,"1,14"
1270,*CC(c1ccccc1)*,isopropyl ether,CC(C)OC(C)C,40,"313,15",1,"0,78"
1271,*CC(c1ccccc1)*,isopropyl ether,CC(C)OC(C)C,162,"435,15",1,"1,42"
1272,*CC(c1ccccc1)*,isopropyl ether,CC(C)OC(C)C,229,"502,15",1,"0,41"
1273,*CC(c1ccccc1)*,methanol,CO,162,"435,15",1,"2,19"
1274,*CC(c1ccccc1)*,methanol,CO,229,"502,15",1,"0,44"
1275,*CC(c1ccccc1)*,methylcyclohexane,CC1CCCCC1,72,"345,15",0,"0,49"
1276,*CC(c1ccccc1)*,methylcyclohexane,CC1CCCCC1,72,"345,15","0,4","0,67"
1277,*CC(c1ccccc1)*,2-methyl-1-propanol,CC(C)CO,162,"435,15",1,"1,71"
1278,*CC(c1ccccc1)*,2-methyl-1-propanol,CC(C)CO,229,"502,15",1,"0,81"
1279,*CC(c1ccccc1)*,naphthalene,C1=CC2=CC=CC=C2C=C1,183,"456,15",1,"0,12"
1280,*CC(c1ccccc1)*,naphthalene,C1=CC2=CC=CC=C2C=C1,203,"476,15",1,"0,12"
1281,*CC(c1ccccc1)*,nitrobenzene,O=[N+]([O-])C1=CC=CC=C1,162,"435,15",1,"1,18"
1282,*CC(c1ccccc1)*,nitrobenzene,O=[N+]([O-])C1=CC=CC=C1,229,"502,15",1,"0,72"
1283,*CC(c1ccccc1)*,n-octane,CCCCCCCC,40,"313,15",1,"0,95"
1284,*CC(c1ccccc1)*,n-octane,CCCCCCCC,162,"435,15",1,"2,19"
1285,*CC(c1ccccc1)*,n-octane,CCCCCCCC,229,"502,15",1,"0,8"
1286,*CC(c1ccccc1)*,1-octanol,CCCCCCCCO,162,"435,15",1,"1,41"
1287,*CC(c1ccccc1)*,1-octanol,CCCCCCCCO,229,"502,15",1,"0,55"
1288,*CC(c1ccccc1)*,n-pentane,CCCCC,162,"435,15",1,"1,12"
1289,*CC(c1ccccc1)*,n-pentane,CCCCC,229,"502,15",1,"0,83"
1290,*CC(c1ccccc1)*,1-pentanol,CCCCCO,162,"435,15",1,"1,75"
1291,*CC(c1ccccc1)*,1-pentanol,CCCCCO,229,"502,15",1,"0,86"
1292,*CC(c1ccccc1)*,1-propanol,CCCO,162,"435,15",1,"1,71"
1293,*CC(c1ccccc1)*,1-propanol,CCCO,229,"502,15",1,"0,27"
1294,*CC(c1ccccc1)*,2-propanol,CC(C)O,40,"313,15",1,"2,6"
1295,*CC(c1ccccc1)*,2-propanol,CC(C)O,162,"435,15",1,"1,74"
1296,*CC(c1ccccc1)*,2-propanol,CC(C)O,229,"502,15",1,"-0,15"
1297,*CC(c1ccccc1)*,n-propyl acetate,CCCOC(C)=O,25,"298,15","0,4","0,66"
1298,*CC(c1ccccc1)*,n-propyl acetate,CCCOC(C)=O,25,"298,15","0,8","0,66"
1299,*CC(c1ccccc1)*,n-propyl acetate,CCCOC(C)=O,40,"313,15",1,"0,52"
1300,*CC(c1ccccc1)*,n-propyl acetate,CCCOC(C)=O,70,"343,15","0,4","0,6"
1301,*CC(c1ccccc1)*,n-propyl acetate,CCCOC(C)=O,70,"343,15","0,8","0,6"
1302,*CC(c1ccccc1)*,pyridine,C1=CC=NC=C1,162,"435,15",1,"1,02"
1303,*CC(c1ccccc1)*,pyridine,C1=CC=NC=C1,229,"502,15",1,"0,23"
1304,*CC(c1ccccc1)*,tetrachloroethylene,ClC(Cl)=C(Cl)Cl,40,"313,15",1,"0,36"
1305,*CC(c1ccccc1)*,n-tetradecane,CCCCCCCCCCCCCC,183,"456,15",1,"1,14"
1306,*CC(c1ccccc1)*,n-tetradecane,CCCCCCCCCCCCCC,203,"476,15",1,"1,08"
1307,*CC(c1ccccc1)*,tetrahydrofuran,C1CCOC1,162,"435,15",1,"0,7"
1308,*CC(c1ccccc1)*,tetrahydrofuran,C1CCOC1,229,"502,15",1,"-0,16"
1309,*CC(c1ccccc1)*,"1,2,3,4-tetrahydronaphthalene",C1CCC2=CC=CC=C2C1,183,"456,15",1,"0,2"
1310,*CC(c1ccccc1)*,"1,2,3,4-tetrahydronaphthalene",C1CCC2=CC=CC=C2C1,203,"476,15",1,"0,2"
1311,*CC(c1ccccc1)*,"3,3,4,4-tetramethylhexane",CCC(C)(C)C(C)(C)CC,160,"433,15",1,"0,9"
1312,*CC(c1ccccc1)*,"3,3,4,4-tetramethylhexane",CCC(C)(C)C(C)(C)CC,180,"453,15",1,"0,76"
1313,*CC(c1ccccc1)*,toluene,CC1=CC=CC=C1,22,"295,15","0,2","0,4"
1314,*CC(c1ccccc1)*,toluene,CC1=CC=CC=C1,22,"295,15","0,6","0,4"
1315,*CC(c1ccccc1)*,toluene,CC1=CC=CC=C1,25,"298,15","0,4","0,42"
1316,*CC(c1ccccc1)*,toluene,CC1=CC=CC=C1,25,"298,15","0,8","0,31"
1317,*CC(c1ccccc1)*,toluene,CC1=CC=CC=C1,25,"298,15","0,2","0,37"
1318,*CC(c1ccccc1)*,toluene,CC1=CC=CC=C1,25,"298,15","0,8","0,16"
1319,*CC(c1ccccc1)*,toluene,CC1=CC=CC=C1,27,"300,15",0,"0,437"
1320,*CC(c1ccccc1)*,toluene,CC1=CC=CC=C1,40,"313,15",0,"0,482"
1321,*CC(c1ccccc1)*,toluene,CC1=CC=CC=C1,40,"313,15",1,"0,19"
1322,*CC(c1ccccc1)*,toluene,CC1=CC=CC=C1,45,"318,15",0,"0,41"
1323,*CC(c1ccccc1)*,toluene,CC1=CC=CC=C1,45,"318,15","0,3","0,37"
1324,*CC(c1ccccc1)*,toluene,CC1=CC=CC=C1,60,"333,15","0,8","0,32"
1325,*CC(c1ccccc1)*,toluene,CC1=CC=CC=C1,65,"338,15",0,"0,4"
1326,*CC(c1ccccc1)*,toluene,CC1=CC=CC=C1,65,"338,15","0,3","0,37"
1327,*CC(c1ccccc1)*,toluene,CC1=CC=CC=C1,68,"341,15",0,"0,452"
1328,*CC(c1ccccc1)*,toluene,CC1=CC=CC=C1,80,"353,15","0,4","0,4"
1329,*CC(c1ccccc1)*,toluene,CC1=CC=CC=C1,80,"353,15","0,6","0,35"
1330,*CC(c1ccccc1)*,toluene,CC1=CC=CC=C1,162,"435,15",1,"0,67"
1331,*CC(c1ccccc1)*,toluene,CC1=CC=CC=C1,229,"502,15",1,"0,04"
1332,*CC(c1ccccc1)*,toluene,CC1=CC=CC=C1,"23,5","296,65","0,66","0,34"
1333,*CC(c1ccccc1)*,toluene,CC1=CC=CC=C1,"23,5","296,65","0,83","0,22"
1334,*CC(c1ccccc1)*,toluene,CC1=CC=CC=C1,25,"298,15","0,03","0,43"
1335,*CC(c1ccccc1)*,toluene,CC1=CC=CC=C1,25,"298,15","0,34","0,4"
1336,*CC(c1ccccc1)*,toluene,CC1=CC=CC=C1,25,"298,15","0,07","0,4"
1337,*CC(c1ccccc1)*,toluene,CC1=CC=CC=C1,25,"298,15","0,2","0,39"
1338,*CC(c1ccccc1)*,toluene,CC1=CC=CC=C1,40,"313,15","0,06","0,42"
1339,*CC(c1ccccc1)*,toluene,CC1=CC=CC=C1,40,"313,15","0,18","0,42"
1340,*CC(c1ccccc1)*,toluene,CC1=CC=CC=C1,"137,6","410,75",1,"0,32"
1341,*CC(c1ccccc1)*,trichloroethylene,ClC=C(Cl)Cl,40,"313,15",1,"0,19"
1342,*CC(c1ccccc1)*,trichloroethylene,ClC=C(Cl)Cl,162,"435,15",1,"0,69"
1343,*CC(c1ccccc1)*,trichloroethylene,ClC=C(Cl)Cl,229,"502,15",1,"0,12"
1344,*CC(c1ccccc1)*,"2,2,4-trimethylpentane",CC(C)CC(C)(C)C,162,"435,15",1,"1,72"
1345,*CC(c1ccccc1)*,"2,2,4-trimethylpentane",CC(C)CC(C)(C)C,229,"502,15",1,"0,35"
1346,*CC(c1ccccc1)*,water,O,162,"435,15",1,"4,4"
1347,*CC(c1ccccc1)*,water,O,229,"502,15",1,"3,1"
1348,*CC(c1ccccc1)*,o-xylene,CC1=CC=CC=C1C,162,"435,15",1,"0,72"
1349,*CC(c1ccccc1)*,o-xylene,CC1=CC=CC=C1C,229,"502,15",1,"0,26"
1350,*CCCCO*,acetone,CC(C)=O,100,"373,15",1,"0,73"
1351,*CCCCO*,benzene,C1=CC=CC=C1,100,"373,15",1,"0,04"
1352,*CCCCO*,n-butane,CCCC,100,"373,15",1,"0,76"
1353,*CCCCO*,1-butanol,CCCCO,100,"373,15",1,"0,54"
1354,*CCCCO*,2-butanone,CCC(=O)C,100,"373,15",1,"0,53"
1355,*CCCCO*,n-butyl acetate,CCCCOC(C)=O,100,"373,15",1,"0,3"
1356,*CCCCO*,carbon tetrachloride,ClC(Cl)(Cl)Cl,100,"373,15",1,"0,1"
1357,*CCCCO*,chlorobenzene,ClC1=CC=CC=C1,100,"373,15",1,"-0,09"
1358,*CCCCO*,1-chlorobutane,CCCCCl,100,"373,15",1,"0,22"
1359,*CCCCO*,chloroform,ClC(Cl)Cl,100,"373,15",1,"-0,38"
1360,*CCCCO*,chloromethane,CCl,100,"373,15",1,"0,19"
1361,*CCCCO*,1-chloropentane,CCCCCCl,100,"373,15",1,"0,18"
1362,*CCCCO*,cycloheptane,C1CCCCCC1,100,"373,15",1,"0,41"
1363,*CCCCO*,cyclohexane,C1CCCCC1,100,"373,15",1,"1,23"
1364,*CCCCO*,cyclohexene,C1=CCCCC1,100,"373,15",1,"0,28"
1365,*CCCCO*,cyclooctane,C1CCCCCCC1,100,"373,15",1,"0,4"
1366,*CCCCO*,cyclopentane,C1CCCC1,100,"373,15",1,"0,45"
1367,*CCCCO*,n-decane,CCCCCCCCCC,100,"373,15",1,"0,8"
1368,*CCCCO*,"1,1-dichloroethane",CC(Cl)Cl,100,"373,15",1,0
1369,*CCCCO*,"1,2-dichloroethane",ClCCCl,100,"373,15",1,"0,05"
1370,*CCCCO*,dichloromethane,ClCCl,100,"373,15",1,"-0,12"
1371,*CCCCO*,"1,4-dioxane",C1COCCO1,100,"373,15",1,"0,39"
1372,*CCCCO*,ethanol,CCO,100,"373,15",1,"1,08"
1373,*CCCCO*,ethyl acetate,CCOC(C)=O,100,"373,15",1,"0,45"
1374,*CCCCO*,ethylbenzene,CCC1=CC=CC=C1,100,"373,15",1,"0,07"
1375,*CCCCO*,n-heptane,CCCCCCC,100,"373,15",1,"0,73"
1376,*CCCCO*,n-hexane,CCCCCC,100,"373,15",1,"0,74"
1377,*CCCCO*,methyl acetate,COC(C)=O,100,"373,15",1,"0,58"
1378,*CCCCO*,n-nonane,CCCCCCCCC,100,"373,15",1,"0,78"
1379,*CCCCO*,n-octane,CCCCCCCC,100,"373,15",1,"0,75"
1380,*CCCCO*,n-pentane,CCCCC,100,"373,15",1,"0,76"
1381,*CCCCO*,1-pentanol,CCCCCO,100,"373,15",1,"0,37"
1382,*CCCCO*,propane,CCC,100,"373,15",1,"0,9"
1383,*CCCCO*,1-propanol,CCCO,100,"373,15",1,"0,71"
1384,*CCCCO*,n-propyl acetate,CCCOC(C)=O,100,"373,15",1,"0,36"
1385,*CCCCO*,tetrahydrofuran,C1CCOC1,100,"373,15",1,"0,13"
1386,*CCCCO*,"1,1,1-trichloroethane",CC(Cl)(Cl)Cl,100,"373,15",1,"-0,02"
1387,*CCCCO*,trichloroethylene,ClC=C(Cl)Cl,100,"373,15",1,"-0,06"
1388,*CCCCO*,toluene,CC1=CC=CC=C1,100,"373,15",1,"0,04"
1389,*CCCCO*,n-undecane,CCCCCCCCCCC,100,"373,15",1,"0,83"
1390,*OCCCCC(=O)*,acetone,CC(C)=O,120,"393,15",1,"0,64"
1391,*OCCCCC(=O)*,benzene,C1=CC=CC=C1,120,"393,15",1,"0,34"
1392,*OCCCCC(=O)*,2-butanone,CCC(=O)C,120,"393,15",1,"0,43"
1393,*OCCCCC(=O)*,carbon tetrachloride,ClC(Cl)(Cl)Cl,120,"393,15",1,"0,61"
1394,*OCCCCC(=O)*,chloroform,ClC(Cl)Cl,120,"393,15",1,"-0,02"
1395,*OCCCCC(=O)*,dichloromethane,ClCCl,120,"393,15",1,"0,86"
1396,*OCCCCC(=O)*,ethyl acetate,CCOC(C)=O,120,"393,15",1,"0,54"
1397,*OCCCCC(=O)*,n-heptane,CCCCCCC,120,"393,15",1,"1,6"
1398,*OCCCCC(=O)*,n-hexane,CCCCCC,120,"393,15",1,"1,6"
1399,*OCCCCC(=O)*,n-pentane,CCCCC,120,"393,15",1,"1,5"
1400,*CC(OC(=O)C)*,acetaldehyde,CC=O,125,"398,15",1,"0,35"
1401,*CC(OC(=O)C)*,acetaldehyde,CC=O,140,"413,15",1,"0,32"
1402,*CC(OC(=O)C)*,acetone,CC(C)=O,25,"298,15",0,"0,4"
1403,*CC(OC(=O)C)*,acetone,CC(C)=O,29,"302,15",0,"0,4"
1404,*CC(OC(=O)C)*,acetone,CC(C)=O,30,"303,15","0,8","0,34"
1405,*CC(OC(=O)C)*,acetone,CC(C)=O,40,"313,15","0,8","0,34"
1406,*CC(OC(=O)C)*,acetone,CC(C)=O,30,"303,15",1,"0,31"
1407,*CC(OC(=O)C)*,acetone,CC(C)=O,50,"323,15",1,"0,39"
1408,*CC(OC(=O)C)*,acetone,CC(C)=O,100,"373,15",1,"0,32"
1409,*CC(OC(=O)C)*,acetone,CC(C)=O,140,"413,15",1,"0,21"
1410,*CC(OC(=O)C)*,acetonitrile,CC#N,125,"398,15",1,"0,54"
1411,*CC(OC(=O)C)*,acetonitrile,CC#N,140,"413,15",1,"0,49"
1412,*CC(OC(=O)C)*,allyl chloride,C=CCCl,40,"313,15",1,"0,27"
1413,*CC(OC(=O)C)*,benzene,C1=CC=CC=C1,5,"278,15","0,2","0,46"
1414,*CC(OC(=O)C)*,benzene,C1=CC=CC=C1,20,"293,15",0,"0,42"
1415,*CC(OC(=O)C)*,benzene,C1=CC=CC=C1,30,"303,15","0,4","0,45"
1416,*CC(OC(=O)C)*,benzene,C1=CC=CC=C1,30,"303,15","0,8","0,29"
1417,*CC(OC(=O)C)*,benzene,C1=CC=CC=C1,35,"308,15",0,"0,51"
1418,*CC(OC(=O)C)*,benzene,C1=CC=CC=C1,62,"335,15",0,"0,42"
1419,*CC(OC(=O)C)*,benzene,C1=CC=CC=C1,30,"303,15",1,"0,3"
1420,*CC(OC(=O)C)*,benzene,C1=CC=CC=C1,50,"323,15",1,"0,26"
1421,*CC(OC(=O)C)*,benzene,C1=CC=CC=C1,80,"353,15",1,"0,44"
1422,*CC(OC(=O)C)*,benzene,C1=CC=CC=C1,140,"413,15",1,"0,25"
1423,*CC(OC(=O)C)*,benzene,C1=CC=CC=C1,125,"398,15",1,"0,37"
1424,*CC(OC(=O)C)*,benzene,C1=CC=CC=C1,145,"418,15",1,"0,32"
1425,*CC(OC(=O)C)*,n-butane,CCCC,100,"373,15",1,"1,97"
1426,*CC(OC(=O)C)*,1-butanol,CCCCO,100,"373,15",1,"0,62"
1427,*CC(OC(=O)C)*,1-butanol,CCCCO,135,"408,15",1,"0,38"
1428,*CC(OC(=O)C)*,2-butanol,CCC(C)O,135,"408,15",1,"0,31"
1429,*CC(OC(=O)C)*,2-butanone,CCC(=O)C,10,"283,15",0,"0,43"
1430,*CC(OC(=O)C)*,2-butanone,CCC(=O)C,45,"318,15",0,"0,43"
1431,*CC(OC(=O)C)*,2-butanone,CCC(=O)C,100,"373,15",1,"0,34"
1432,*CC(OC(=O)C)*,2-butanone,CCC(=O)C,140,"413,15",1,"0,2"
1433,*CC(OC(=O)C)*,n-butyl acetate,CCCCOC(C)=O,100,"373,15",1,"0,51"
1434,*CC(OC(=O)C)*,butylbenzene,CCCCC1=CC=CC=C1,125,"398,15",1,"0,95"
1435,*CC(OC(=O)C)*,butylbenzene,CCCCC1=CC=CC=C1,145,"418,15",1,"0,88"
1436,*CC(OC(=O)C)*,butylcyclohexane,CCCCC1CCCCC1,125,"398,15",1,"1,9"
1437,*CC(OC(=O)C)*,butylcyclohexane,CCCCC1CCCCC1,145,"418,15",1,"1,75"
1438,*CC(OC(=O)C)*,carbon tetrachloride,ClC(Cl)(Cl)Cl,90,"363,15",1,"0,85"
1439,*CC(OC(=O)C)*,carbon tetrachloride,ClC(Cl)(Cl)Cl,135,"408,15",1,"0,63"
1440,*CC(OC(=O)C)*,chlorobenzene,ClC1=CC=CC=C1,100,"373,15",1,"0,28"
1441,*CC(OC(=O)C)*,chlorobenzene,ClC1=CC=CC=C1,135,"408,15",1,"0,33"
1442,*CC(OC(=O)C)*,1-chlorobutane,CCCCCl,100,"373,15",1,"0,73"
1443,*CC(OC(=O)C)*,1-chlorobutane,CCCCCl,135,"408,15",1,"0,66"
1444,*CC(OC(=O)C)*,chloroform,ClC(Cl)Cl,80,"353,15",1,"-0,17"
1445,*CC(OC(=O)C)*,chloroform,ClC(Cl)Cl,135,"408,15",1,"-0,09"
1446,*CC(OC(=O)C)*,chloromethane,CCl,100,"373,15",1,"0,25"
1447,*CC(OC(=O)C)*,1-chloropentane,CCCCCCl,100,"373,15",1,"0,82"
1448,*CC(OC(=O)C)*,1-chloropropane,CCCCl,40,"313,15",1,"0,75"
1449,*CC(OC(=O)C)*,cycloheptane,C1CCCCCC1,100,"373,15",1,"1,63"
1450,*CC(OC(=O)C)*,cyclohexane,C1CCCCC1,100,"373,15",1,"1,65"
1451,*CC(OC(=O)C)*,cyclohexane,C1CCCCC1,140,"413,15",1,"1,16"
1452,*CC(OC(=O)C)*,cyclohexene,C1=CCCCC1,100,"373,15",1,"1,18"
1453,*CC(OC(=O)C)*,cyclohexanol,OC1CCCCC1,135,"408,15",1,"0,44"
1454,*CC(OC(=O)C)*,cyclooctane,C1CCCCCCC1,100,"373,15",1,"1,67"
1455,*CC(OC(=O)C)*,cyclopentane,C1CCCC1,100,"373,15",1,"1,53"
1456,*CC(OC(=O)C)*,cis-decahydronaphthalene,C1CC[C@H]2CCCC[C@H]2C1,125,"398,15",1,"1,65"
1457,*CC(OC(=O)C)*,cis-decahydronaphthalene,C1CC[C@H]2CCCC[C@H]2C1,145,"418,15",1,"1,5"
1458,*CC(OC(=O)C)*,n-decane,CCCCCCCCCC,100,"373,15",1,"2,5"
1459,*CC(OC(=O)C)*,n-decane,CCCCCCCCCC,145,"418,15",1,"2,01"
1460,*CC(OC(=O)C)*,1-decanol,CCCCCCCCCCO,135,"408,15",1,"0,81"
1461,*CC(OC(=O)C)*,"1,1-dichloroethane",CC(Cl)Cl,100,"373,15",1,"0,19"
1462,*CC(OC(=O)C)*,"1,2-dichloroethane",ClCCCl,100,"373,15",1,"-0,04"
1463,*CC(OC(=O)C)*,"1,2-dichloroethane",ClCCCl,140,"413,15",1,0
1464,*CC(OC(=O)C)*,dichloromethane,ClCCl,100,"373,15",1,"-0,14"
1465,*CC(OC(=O)C)*,dimethylphthalate,COC(=O)C1=CC=CC=C1C(=O)OC,25,"298,15",0,"0,4"
1466,*CC(OC(=O)C)*,"1,4-dioxane",C1COCCO1,25,"298,15",0,"0,407"
1467,*CC(OC(=O)C)*,"1,4-dioxane",C1COCCO1,100,"373,15",1,"0,17"
1468,*CC(OC(=O)C)*,"1,4-dioxane",C1COCCO1,140,"413,15",1,"0,03"
1469,*CC(OC(=O)C)*,n-dodecane,CCCCCCCCCCCC,125,"398,15",1,"2,48"
1470,*CC(OC(=O)C)*,n-dodecane,CCCCCCCCCCCC,145,"418,15",1,"2,27"
1471,*CC(OC(=O)C)*,ethanol,CCO,50,"323,15",0,"0,47"
1472,*CC(OC(=O)C)*,ethanol,CCO,100,"373,15",1,"0,8"
1473,*CC(OC(=O)C)*,ethyl acetate,CCOC(C)=O,20,"293,15",0,"0,415"
1474,*CC(OC(=O)C)*,ethyl acetate,CCOC(C)=O,100,"373,15",1,"0,36"
1475,*CC(OC(=O)C)*,ethylbenzene,CCC1=CC=CC=C1,100,"373,15",1,"0,66"
1476,*CC(OC(=O)C)*,ethylbenzene,CCC1=CC=CC=C1,135,"408,15",1,"0,58"
1477,*CC(OC(=O)C)*,n-heptane,CCCCCCC,100,"373,15",1,"2,14"
1478,*CC(OC(=O)C)*,n-heptane,CCCCCCC,120,"393,15",1,"1,63"
1479,*CC(OC(=O)C)*,1-heptanol,CCCCCCCO,135,"408,15",1,"0,55"
1480,*CC(OC(=O)C)*,n-hexadecane,CCCCCCCCCCCCCCCC,135,"408,15",1,"2,99"
1481,*CC(OC(=O)C)*,n-hexane,CCCCCC,100,"373,15",1,"2,06"
1482,*CC(OC(=O)C)*,n-hexane,CCCCCC,120,"393,15",1,"1,71"
1483,*CC(OC(=O)C)*,1-hexanol,CCCCCCO,135,"408,15",1,"0,49"
1484,*CC(OC(=O)C)*,isopropylamine,CC(C)N,40,"313,15",1,"0,66"
1485,*CC(OC(=O)C)*,methanol,CO,125,"398,15",1,"0,77"
1486,*CC(OC(=O)C)*,methanol,CO,140,"413,15",1,"0,73"
1487,*CC(OC(=O)C)*,methyl acetate,COC(C)=O,100,"373,15",1,"0,3"
1488,*CC(OC(=O)C)*,2-methyl-2-propanol,CC(C)(C)O,135,"408,15",1,"0,3"
1489,*CC(OC(=O)C)*,nitroethane,CC[N+](=O)[O-],125,"398,15",1,"0,14"
1490,*CC(OC(=O)C)*,nitroethane,CC[N+](=O)[O-],140,"413,15",1,"0,19"
1491,*CC(OC(=O)C)*,n-nonane,CCCCCCCCC,100,"373,15",1,"2,38"
1492,*CC(OC(=O)C)*,n-nonane,CCCCCCCCC,145,"418,15",1,"1,88"
1493,*CC(OC(=O)C)*,n-octane,CCCCCCCC,90,"363,15",1,"2,3"
1494,*CC(OC(=O)C)*,n-octane,CCCCCCCC,120,"393,15",1,"1,94"
1495,*CC(OC(=O)C)*,1-octanol,CCCCCCCCO,135,"408,15",1,"0,65"
1496,*CC(OC(=O)C)*,1-octene,C=CCCCCCC,135,"408,15",1,"1,55"
1497,*CC(OC(=O)C)*,n-pentane,CCCCC,100,"373,15",1,"2,06"
1498,*CC(OC(=O)C)*,1-pentanol,CCCCCO,100,"373,15",1,"0,59"
1499,*CC(OC(=O)C)*,1-pentanol,CCCCCO,135,"408,15",1,"0,41"
1500,*CC(OC(=O)C)*,2-pentanone,CCCC(=O)C,135,"408,15",1,"0,38"
1501,*CC(OC(=O)C)*,propane,CCC,100,"373,15",1,"3,2"
1502,*CC(OC(=O)C)*,1-propanol,CCCO,30,"303,15",1,"1,3"
1503,*CC(OC(=O)C)*,1-propanol,CCCO,50,"323,15",1,1
1504,*CC(OC(=O)C)*,1-propanol,CCCO,100,"373,15",1,"0,64"
1505,*CC(OC(=O)C)*,1-propanol,CCCO,135,"408,15",1,"0,38"
1506,*CC(OC(=O)C)*,2-propanol,CC(C)O,125,"398,15",1,"0,44"
1507,*CC(OC(=O)C)*,2-propanol,CC(C)O,140,"413,15",1,"0,35"
1508,*CC(OC(=O)C)*,n-propyl acetate,CCCOC(C)=O,100,"373,15",1,"0,42"
1509,*CC(OC(=O)C)*,propylamine,CCCN,40,"313,15",1,"0,61"
1510,*CC(OC(=O)C)*,n-tetradecane,CCCCCCCCCCCCCC,135,"408,15",1,"2,7"
1511,*CC(OC(=O)C)*,tetrahydrofuran,C1CCOC1,100,"373,15",1,"0,3"
1512,*CC(OC(=O)C)*,tetrahydrofuran,C1CCOC1,140,"413,15",1,"0,14"
1513,*CC(OC(=O)C)*,"1,2,3,4-tetrahydronaphthalene",C1CCC2=CC=CC=C2C1,125,"398,15",1,"0,83"
1514,*CC(OC(=O)C)*,"1,2,3,4-tetrahydronaphthalene",C1CCC2=CC=CC=C2C1,145,"418,15",1,"0,77"
1515,*CC(OC(=O)C)*,"3,3,4,4-tetramethylhexane",CCC(C)(C)C(C)(C)CC,125,"398,15",1,"1,72"
1516,*CC(OC(=O)C)*,"3,3,4,4-tetramethylhexane",CCC(C)(C)C(C)(C)CC,145,"418,15",1,"1,56"
1517,*CC(OC(=O)C)*,toluene,CC1=CC=CC=C1,80,"353,15",1,"0,56"
1518,*CC(OC(=O)C)*,toluene,CC1=CC=CC=C1,140,"413,15",1,"0,4"
1519,*CC(OC(=O)C)*,"1,1,1-trichloroethane",CC(Cl)(Cl)Cl,100,"373,15",1,"0,49"
1520,*CC(OC(=O)C)*,trichloroethylene,ClC=C(Cl)Cl,100,"373,15",1,"0,4"
1521,*CC(OC(=O)C)*,"1,2,3-trichloropropane",ClCC(Cl)CCl,15,"288,15",0,"0,38"
1522,*CC(OC(=O)C)*,"1,2,3-trichloropropane",ClCC(Cl)CCl,50,"323,15",0,"0,38"
1523,*CC(OC(=O)C)*,"2,2,4-trimethylpentane",CC(C)CC(C)(C)C,100,"373,15",1,"2,17"
1524,*CC(OC(=O)C)*,"2,2,4-trimethylpentane",CC(C)CC(C)(C)C,120,"393,15",1,"1,86"
1525,*CC(OC(=O)C)*,n-undecane,CCCCCCCCCCC,100,"373,15",1,"2,7"
1526,*CC(OC(=O)C)*,n-undecane,CCCCCCCCCCC,145,"418,15",1,"2,14"
1527,*CC(OC(=O)C)*,vinyl acetate,C=COC(C)=O,30,"303,15","0,4","0,41"
1528,*CC(OC(=O)C)*,vinyl acetate,C=COC(C)=O,30,"303,15","0,8","0,22"
1529,*CC(OC(=O)C)*,water,O,40,"313,15",1,"2,5"
1530,*CC(O)*,water,O,30,"303,15",0,"0,494"
1531,*CC(Cl)*,acetaldehyde,CC=O,125,"398,15",1,"0,76"
1532,*CC(Cl)*,acetaldehyde,CC=O,140,"413,15",1,"0,69"
1533,*CC(Cl)*,acetone,CC(C)=O,120,"393,15",1,"0,77"
1534,*CC(Cl)*,acetone,CC(C)=O,140,"413,15",1,"0,53"
1535,*CC(Cl)*,acetonitrile,CC#N,125,"398,15",1,"0,98"
1536,*CC(Cl)*,acetonitrile,CC#N,140,"413,15",1,"0,92"
1537,*CC(Cl)*,benzene,C1=CC=CC=C1,120,"393,15",1,"0,75"
1538,*CC(Cl)*,benzene,C1=CC=CC=C1,125,"398,15",1,"0,41"
1539,*CC(Cl)*,benzene,C1=CC=CC=C1,140,"413,15",1,"0,37"
1540,*CC(Cl)*,2-butanone,CCC(=O)C,0,"273,15",0,"0,402"
1541,*CC(Cl)*,2-butanone,CCC(=O)C,50,"323,15",0,"0,413"
1542,*CC(Cl)*,2-butanone,CCC(=O)C,120,"393,15",1,"0,72"
1543,*CC(Cl)*,2-butanone,CCC(=O)C,140,"413,15",1,"0,46"
1544,*CC(Cl)*,carbon tetrachloride,ClC(Cl)(Cl)Cl,120,"393,15",1,"1,14"
1545,*CC(Cl)*,chloroform,ClC(Cl)Cl,120,"393,15",1,"0,91"
1546,*CC(Cl)*,cyclohexane,C1CCCCC1,125,"398,15",1,"1,21"
1547,*CC(Cl)*,cyclohexane,C1CCCCC1,140,"413,15",1,"1,09"
1548,*CC(Cl)*,cyclohexanone,O=C1CCCCC1,30,"303,15",0,"0,24"
1549,*CC(Cl)*,cyclohexanone,O=C1CCCCC1,69,"342,15",0,"0,264"
1550,*CC(Cl)*,"1,2-dichloroethane",ClCCCl,125,"398,15",1,"0,55"
1551,*CC(Cl)*,"1,2-dichloroethane",ClCCCl,140,"413,15",1,"0,49"
1552,*CC(Cl)*,dichloromethane,ClCCl,120,"393,15",1,"1,63"
1553,*CC(Cl)*,"1,4-dioxane",C1COCCO1,14,"287,15",0,"0,518"
1554,*CC(Cl)*,"1,4-dioxane",C1COCCO1,77,"350,15",0,"0,454"
1555,*CC(Cl)*,"1,4-dioxane",C1COCCO1,125,"398,15",1,"0,18"
1556,*CC(Cl)*,"1,4-dioxane",C1COCCO1,140,"413,15",1,"0,13"
1557,*CC(Cl)*,ethyl acetate,CCOC(C)=O,120,"393,15",1,"0,94"
1558,*CC(Cl)*,n-heptane,CCCCCCC,120,"393,15",1,2
1559,*CC(Cl)*,n-heptane,CCCCCCC,125,"398,15",1,"1,64"
1560,*CC(Cl)*,n-heptane,CCCCCCC,140,"413,15",1,"1,54"
1561,*CC(Cl)*,n-hexane,CCCCCC,120,"393,15",1,"2,1"
1562,*CC(Cl)*,methanol,CO,125,"398,15",1,"1,42"
1563,*CC(Cl)*,methanol,CO,140,"413,15",1,"1,24"
1564,*CC(Cl)*,nitroethane,CC[N+](=O)[O-],125,"398,15",1,"0,69"
1565,*CC(Cl)*,nitroethane,CC[N+](=O)[O-],140,"413,15",1,"0,61"
1566,*CC(Cl)*,n-pentane,CCCCC,120,"393,15",1,"1,7"
1567,*CC(Cl)*,2-propanol,CC(C)O,125,"398,15",1,"1,1"
1568,*CC(Cl)*,2-propanol,CC(C)O,140,"413,15",1,"0,97"
1569,*CC(Cl)*,tetrahydrofuran,C1CCOC1,125,"398,15",1,"0,43"
1570,*CC(Cl)*,tetrahydrofuran,C1CCOC1,140,"413,15",1,"0,34"
1571,*CC(Cl)*,toluene,CC1=CC=CC=C1,125,"398,15",1,"0,45"
1572,*CC(Cl)*,toluene,CC1=CC=CC=C1,140,"413,15",1,"0,41"
1573,*CC(OC)*,acetone,CC(C)=O,40,"313,15",1,"0,75"
1574,*CC(OC)*,benzene,C1=CC=CC=C1,40,"313,15",1,"0,15"
1575,*CC(OC)*,2-butanone,CCC(=O)C,40,"313,15",1,"0,5"
1576,*CC(OC)*,carbon tetrachloride,ClC(Cl)(Cl)Cl,40,"313,15",1,"0,06"
1577,*CC(OC)*,chloroform,ClC(Cl)Cl,40,"313,15",1,"-0,92"
1578,*CC(OC)*,cyclohexane,C1CCCCC1,40,"313,15",1,"1,16"
1579,*CC(OC)*,cyclopentane,C1CCCC1,40,"313,15",1,"1,14"
1580,*CC(OC)*,dichloromethane,ClCCl,40,"313,15",1,"-0,39"
1581,*CC(OC)*,"1,4-dioxane",C1COCCO1,40,"313,15",1,"0,2"
1582,*CC(OC)*,ethylbenzene,CCC1=CC=CC=C1,25,"298,15","0,06","0,29"
1583,*CC(OC)*,ethylbenzene,CCC1=CC=CC=C1,25,"298,15","0,16","0,27"
1584,*CC(OC)*,fluorobenzene,FC1=CC=CC=C1,40,"313,15",1,0
1585,*CC(OC)*,n-heptane,CCCCCCC,40,"313,15",1,"1,15"
1586,*CC(OC)*,n-hexane,CCCCCC,40,"313,15",1,"1,16"
1587,*CC(OC)*,isopropyl ether,CC(C)OC(C)C,40,"313,15",1,"0,76"
1588,*CC(OC)*,n-octane,CCCCCCCC,40,"313,15",1,"1,16"
1589,*CC(OC)*,2-propanol,CC(C)O,40,"313,15",1,"0,9"
1590,*CC(OC)*,n-propyl acetate,CCCOC(C)=O,40,"313,15",1,"0,25"
1591,*CC(OC)*,tetrachloroethylene,ClC(Cl)=C(Cl)Cl,40,"313,15",1,"0,34"
1592,*CC(OC)*,toluene,CC1=CC=CC=C1,40,"313,15",1,"0,14"
1593,*CC(OC)*,toluene,CC1=CC=CC=C1,25,"298,15","0,06","0,28"
1594,*CC(OC)*,toluene,CC1=CC=CC=C1,25,"298,15","0,15","0,26"
1595,*CC(OC)*,trichloroethylene,ClC=C(Cl)Cl,40,"313,15",1,"-0,26"
1596,*CC(N1CCCC1=O)*,water,O,25,"298,15","0,06","0,48"
1597,*OCCOC(=O)c1ccc(C(=O)*)cc1,n-pentane,CCCCC,100,"373,15","0,0233",2
1598,*OCCOC(=O)c1ccc(C(=O)*)cc1,n-pentane,CCCCC,100,"373,15","0,0245",2
1599,*OCCOC(=O)c1ccc(C(=O)*)cc1,n-pentane,CCCCC,100,"373,15","0,0381",2
1600,*OCCOC(=O)c1ccc(C(=O)*)cc1,n-pentane,CCCCC,100,"373,15","0,0508",2
1601,*OCCOC(=O)c1ccc(C(=O)*)cc1,n-pentane,CCCCC,100,"373,15","0,0543",2
1602,*OCCOC(=O)c1ccc(C(=O)*)cc1,n-pentane,CCCCC,100,"373,15","0,0582",2
1603,*OCCOC(=O)c1ccc(C(=O)*)cc1,n-pentane,CCCCC,150,"423,15","0,0212",2
1604,*OCCOC(=O)c1ccc(C(=O)*)cc1,n-pentane,CCCCC,150,"423,15","0,0416",2
1605,*OCCOC(=O)c1ccc(C(=O)*)cc1,n-pentane,CCCCC,150,"423,15","0,0464",2
1606,*OCCOC(=O)c1ccc(C(=O)*)cc1,n-pentane,CCCCC,150,"423,15","0,0609",2
1607,*OCCOC(=O)c1ccc(C(=O)*)cc1,n-pentane,CCCCC,175,"448,15","0,0105",2
1608,*OCCOC(=O)c1ccc(C(=O)*)cc1,n-pentane,CCCCC,175,"448,15","0,0233",2
1609,*OCCOC(=O)c1ccc(C(=O)*)cc1,n-pentane,CCCCC,175,"448,15","0,047",2
1610,*OCCOC(=O)c1ccc(C(=O)*)cc1,n-pentane,CCCCC,175,"448,15","0,0515",2
1611,*OCCOC(=O)c1ccc(C(=O)*)cc1,n-pentane,CCCCC,175,"448,15","0,0597",2
1612,*OCCOC(=O)c1ccc(C(=O)*)cc1,n-pentane,CCCCC,175,"448,15","0,0874",2
1613,*OCCOC(=O)c1ccc(C(=O)*)cc1,"1,1-difluoroethane",CC(F)F,80,"353,15","0,0167","0,88"
1614,*OCCOC(=O)c1ccc(C(=O)*)cc1,"1,1-difluoroethane",CC(F)F,80,"353,15","0,0345","0,88"
1615,*OCCOC(=O)c1ccc(C(=O)*)cc1,"1,1-difluoroethane",CC(F)F,80,"353,15","0,0375","0,88"
1616,*OCCOC(=O)c1ccc(C(=O)*)cc1,"1,1-difluoroethane",CC(F)F,80,"353,15","0,0422","0,88"
1617,*OCCOC(=O)c1ccc(C(=O)*)cc1,"1,1-difluoroethane",CC(F)F,80,"353,15","0,0749","0,88"
1618,*OCCOC(=O)c1ccc(C(=O)*)cc1,"1,1-difluoroethane",CC(F)F,80,"353,15","0,0916","0,88"
1619,*OCCOC(=O)c1ccc(C(=O)*)cc1,"1,1-difluoroethane",CC(F)F,100,"373,15","0,0356","0,88"
1620,*OCCOC(=O)c1ccc(C(=O)*)cc1,"1,1-difluoroethane",CC(F)F,100,"373,15","0,0351","0,88"
1621,*OCCOC(=O)c1ccc(C(=O)*)cc1,"1,1-difluoroethane",CC(F)F,100,"373,15","0,0425","0,88"
1622,*OCCOC(=O)c1ccc(C(=O)*)cc1,"1,1-difluoroethane",CC(F)F,100,"373,15","0,077","0,88"
1623,*OCCOC(=O)c1ccc(C(=O)*)cc1,"1,1-difluoroethane",CC(F)F,100,"373,15","0,0983","0,88"
1624,*OCCOC(=O)c1ccc(C(=O)*)cc1,cyclopentane,C1CCCC1,100,"373,15","0,0166","1,64"
1625,*OCCOC(=O)c1ccc(C(=O)*)cc1,cyclopentane,C1CCCC1,100,"373,15","0,0349","1,64"
1626,*OCCOC(=O)c1ccc(C(=O)*)cc1,cyclopentane,C1CCCC1,100,"373,15","0,0441","1,64"
1627,*OCCOC(=O)c1ccc(C(=O)*)cc1,cyclopentane,C1CCCC1,100,"373,15","0,089","1,64"
1628,*OCCOC(=O)c1ccc(C(=O)*)cc1,cyclopentane,C1CCCC1,150,"423,15","0,0599","1,64"
1629,*OCCOC(=O)c1ccc(C(=O)*)cc1,cyclopentane,C1CCCC1,150,"423,15","0,0724","1,64"
1630,*OCCOC(=O)c1ccc(C(=O)*)cc1,cyclopentane,C1CCCC1,150,"423,15","0,0802","1,64"
1631,*OCCOC(=O)c1ccc(C(=O)*)cc1,cyclopentane,C1CCCC1,150,"423,15","0,0987","1,64"
1632,*OCCOC(=O)c1ccc(C(=O)*)cc1,cyclopentane,C1CCCC1,150,"423,15","0,1019","1,64"
1633,*OCCOC(=O)c1ccc(C(=O)*)cc1,cyclopentane,C1CCCC1,175,"448,15","0,0301","1,64"
1634,*OCCOC(=O)c1ccc(C(=O)*)cc1,cyclopentane,C1CCCC1,175,"448,15","0,0478","1,64"
1635,*OCCOC(=O)c1ccc(C(=O)*)cc1,cyclopentane,C1CCCC1,175,"448,15","0,0667","1,64"
1636,*OCCOC(=O)c1ccc(C(=O)*)cc1,cyclopentane,C1CCCC1,175,"448,15","0,1113","1,64"
1637,*OCCOC(=O)c1ccc(C(=O)*)cc1,cyclopentane,C1CCCC1,175,"448,15","0,1137","1,64"
1638,*OCCOC(=O)c1ccc(C(=O)*)cc1,cyclopentane,C1CCCC1,175,"448,15","0,1185","1,64"
